frame_idx,FirstFrame_sim,EndFrame_sim
1,0.1104
2,0.1102
3,0.0881
4,0.0869
5,0.0787
6,0.0909
7,0.0691
8,0.0790
9,0.0830
10,0.0751
11,0.0553
12,0.0908
13,0.3582
0,0.3724
1,0.6217
2,0.6442
3,0.6601
4,0.6525
5,0.6620
6,0.6628
7,0.6738
8,0.6762
9,0.6819
10,0.6715
11,0.6599
12,0.6657
13,0.4492
0,0.3836
1,0.3667
2,0.5144
3,0.4362
4,0.5482
5,0.4115
6,0.5551
7,0.4190
8,0.5699
9,0.4603
10,0.5459
11,0.4140
12,0.5711
13,0.4448
0,0.5504
1,0.6287
2,0.5911
3,0.6077
4,0.5644
5,0.6203
6,0.5523
7,0.6126
8,0.5557
9,0.5933
10,0.5533
11,0.6220
12,0.5459
13,0.5842
0,0.7003
1,0.7044
2,0.4243
3,0.6801
4,0.3103
5,0.6548
6,0.2992
7,0.6632
8,0.2959
9,0.6078
10,0.2888
11,0.6360
12,0.2828
13,0.8144
0,0.4493
1,0.5522
2,0.4230
3,0.5077
4,0.4187
5,0.5448
6,0.4168
7,0.5275
8,0.4068
9,0.4768
10,0.3658
11,0.5310
12,0.3635
13,0.4398
0,-0.0964
1,-0.0914
2,-0.0320
3,-0.0666
4,-0.0260
5,-0.0677
6,-0.0151
7,-0.0576
8,-0.0170
9,-0.0519
10,-0.0214
11,-0.0757
12,-0.0167
13,-0.0757
0,0.4056
1,0.3640
2,0.3074
3,0.3792
4,0.3260
5,0.4263
6,0.3479
7,0.4316
8,0.3660
9,0.3915
10,0.2991
11,0.4410
12,0.3377
13,0.4199
0,0.3887
1,0.2629
2,0.2418
3,0.2558
4,0.1867
5,0.2718
6,0.1676
7,0.2798
8,0.1682
9,0.2284
10,0.1497
11,0.2238
12,0.2328
13,0.2783
0,0.2743
1,0.2391
2,0.2270
3,0.2000
4,0.2059
5,0.2073
6,0.1975
7,0.2040
8,0.2190
9,0.1933
10,0.2004
11,0.2118
12,0.2558
13,0.2287
0,0.3010
1,0.3584
2,0.3769
3,0.3589
4,0.3827
5,0.3728
6,0.4005
7,0.3702
8,0.3994
9,0.3821
10,0.4040
11,0.3650
12,0.4117
13,0.3608
0,0.4059
1,0.4501
2,0.4406
3,0.4487
4,0.4368
5,0.4594
6,0.4454
7,0.4561
8,0.4452
9,0.4742
10,0.4525
11,0.4750
12,0.4547
13,0.4683
0,0.2803
1,0.3261
2,0.3870
3,0.3556
4,0.3915
5,0.3855
6,0.4008
7,0.3690
8,0.4083
9,0.3784
10,0.3837
11,0.3657
12,0.3882
13,0.3019
0,0.3200
1,0.3648
2,0.3464
3,0.3516
4,0.3540
5,0.3720
6,0.3641
7,0.3816
8,0.3631
9,0.3704
10,0.3660
11,0.3783
12,0.3614
13,0.3512
0,0.3952
1,0.4311
2,0.4170
3,0.4223
4,0.4140
5,0.4282
6,0.4242
7,0.4283
8,0.4231
9,0.4305
10,0.4263
11,0.4281
12,0.4223
13,0.3753
0,0.3028
1,0.4114
2,0.4129
3,0.4164
4,0.4187
5,0.4191
6,0.4267
7,0.4232
8,0.4278
9,0.4234
10,0.4248
11,0.4230
12,0.4289
13,0.3343
0,0.4209
1,0.1100
2,0.1098
3,0.0878
4,0.0866
5,0.0785
6,0.0906
7,0.0689
8,0.0788
9,0.0827
10,0.0748
11,0.0551
12,0.0906
13,0.3558
0,0.3727
1,0.6214
2,0.6443
3,0.6604
4,0.6526
5,0.6621
6,0.6628
7,0.6741
8,0.6762
9,0.6819
10,0.6713
11,0.6597
12,0.6657
13,0.4481
0,0.3880
1,0.3713
2,0.5182
3,0.4401
4,0.5531
5,0.4146
6,0.5594
7,0.4229
8,0.5747
9,0.4657
10,0.5520
11,0.4185
12,0.5766
13,0.4530
0,0.5498
1,0.6256
2,0.5879
3,0.6045
4,0.5612
5,0.6166
6,0.5492
7,0.6095
8,0.5527
9,0.5903
10,0.5503
11,0.6188
12,0.5433
13,0.5830
0,0.7026
1,0.7078
2,0.4289
3,0.6819
4,0.3225
5,0.6546
6,0.3171
7,0.6647
8,0.3154
9,0.6095
10,0.3040
11,0.6359
12,0.3077
13,0.8140
0,0.4541
1,0.5565
2,0.4330
3,0.5128
4,0.4334
5,0.5501
6,0.4325
7,0.5323
8,0.4210
9,0.4845
10,0.3786
11,0.5354
12,0.3806
13,0.4422
0,-0.0930
1,-0.0874
2,-0.0273
3,-0.0624
4,-0.0206
5,-0.0638
6,-0.0092
7,-0.0536
8,-0.0113
9,-0.0474
10,-0.0149
11,-0.0715
12,-0.0124
13,-0.0721
0,0.4134
1,0.3741
2,0.3183
3,0.3909
4,0.3373
5,0.4376
6,0.3604
7,0.4428
8,0.3794
9,0.4046
10,0.3126
11,0.4508
12,0.3533
13,0.4292
0,0.3999
1,0.2753
2,0.2523
3,0.2635
4,0.1950
5,0.2800
6,0.1777
7,0.2880
8,0.1791
9,0.2391
10,0.1615
11,0.2308
12,0.2431
13,0.2842
0,0.2741
1,0.2410
2,0.2291
3,0.2019
4,0.2079
5,0.2086
6,0.2032
7,0.2049
8,0.2226
9,0.1938
10,0.2020
11,0.2125
12,0.2595
13,0.2292
0,0.3008
1,0.3580
2,0.3765
3,0.3584
4,0.3827
5,0.3737
6,0.4002
7,0.3684
8,0.3991
9,0.3823
10,0.4049
11,0.3641
12,0.4125
13,0.3615
0,0.4063
1,0.4500
2,0.4404
3,0.4443
4,0.4363
5,0.4608
6,0.4408
7,0.4563
8,0.4435
9,0.4748
10,0.4520
11,0.4762
12,0.4545
13,0.4690
0,0.2797
1,0.3265
2,0.3859
3,0.3544
4,0.3875
5,0.3862
6,0.3962
7,0.3682
8,0.4060
9,0.3782
10,0.3842
11,0.3664
12,0.3894
13,0.3009
0,0.3190
1,0.3633
2,0.3455
3,0.3498
4,0.3540
5,0.3714
6,0.3615
7,0.3809
8,0.3596
9,0.3699
10,0.3652
11,0.3788
12,0.3612
13,0.3515
0,0.3938
1,0.4302
2,0.4161
3,0.4218
4,0.4141
5,0.4282
6,0.4256
7,0.4279
8,0.4247
9,0.4301
10,0.4261
11,0.4275
12,0.4220
13,0.3728
0,0.3022
1,0.4108
2,0.4122
3,0.4157
4,0.4181
5,0.4185
6,0.4262
7,0.4226
8,0.4272
9,0.4228
10,0.4244
11,0.4225
12,0.4281
13,0.3333
0,0.4199
1,0.1095
2,0.1093
3,0.0874
4,0.0864
5,0.0783
6,0.0904
7,0.0687
8,0.0786
9,0.0825
10,0.0746
11,0.0548
12,0.0903
13,0.3526
0,0.3731
1,0.6211
2,0.6444
3,0.6606
4,0.6527
5,0.6622
6,0.6628
7,0.6744
8,0.6762
9,0.6819
10,0.6711
11,0.6595
12,0.6658
13,0.4466
0,0.3925
1,0.3760
2,0.5217
3,0.4440
4,0.5579
5,0.4176
6,0.5638
7,0.4269
8,0.5796
9,0.4713
10,0.5581
11,0.4232
12,0.5822
13,0.4623
0,0.5491
1,0.6222
2,0.5844
3,0.6009
4,0.5577
5,0.6125
6,0.5459
7,0.6060
8,0.5495
9,0.5870
10,0.5471
11,0.6152
12,0.5406
13,0.5817
0,0.7056
1,0.7121
2,0.4357
3,0.6844
4,0.3388
5,0.6551
6,0.3394
7,0.6672
8,0.3391
9,0.6125
10,0.3229
11,0.6369
12,0.3365
13,0.8134
0,0.4597
1,0.5615
2,0.4446
3,0.5191
4,0.4505
5,0.5565
6,0.4507
7,0.5381
8,0.4374
9,0.4936
10,0.3933
11,0.5405
12,0.4001
13,0.4449
0,-0.0889
1,-0.0826
2,-0.0215
3,-0.0573
4,-0.0140
5,-0.0592
6,-0.0021
7,-0.0487
8,-0.0045
9,-0.0421
10,-0.0073
11,-0.0667
12,-0.0073
13,-0.0677
0,0.4221
1,0.3856
2,0.3307
3,0.4035
4,0.3502
5,0.4501
6,0.3743
7,0.4548
8,0.3943
9,0.4193
10,0.3274
11,0.4615
12,0.3710
13,0.4404
0,0.4118
1,0.2892
2,0.2632
3,0.2719
4,0.2036
5,0.2892
6,0.1885
7,0.2971
8,0.1912
9,0.2508
10,0.1743
11,0.2387
12,0.2537
13,0.2904
0,0.2738
1,0.2430
2,0.2313
3,0.2040
4,0.2098
5,0.2093
6,0.2091
7,0.2058
8,0.2263
9,0.1940
10,0.2038
11,0.2133
12,0.2643
13,0.2297
0,0.3007
1,0.3573
2,0.3762
3,0.3576
4,0.3828
5,0.3740
6,0.3993
7,0.3667
8,0.3991
9,0.3824
10,0.4058
11,0.3636
12,0.4130
13,0.3625
0,0.4069
1,0.4501
2,0.4401
3,0.4397
4,0.4356
5,0.4628
6,0.4425
7,0.4563
8,0.4419
9,0.4752
10,0.4520
11,0.4774
12,0.4548
13,0.4698
0,0.2790
1,0.3273
2,0.3847
3,0.3538
4,0.3834
5,0.3870
6,0.3939
7,0.3675
8,0.4035
9,0.3779
10,0.3843
11,0.3668
12,0.3908
13,0.2997
0,0.3171
1,0.3617
2,0.3457
3,0.3486
4,0.3539
5,0.3703
6,0.3637
7,0.3801
8,0.3578
9,0.3695
10,0.3637
11,0.3786
12,0.3611
13,0.3516
0,0.3916
1,0.4290
2,0.4148
3,0.4212
4,0.4144
5,0.4277
6,0.4247
7,0.4274
8,0.4253
9,0.4294
10,0.4252
11,0.4267
12,0.4219
13,0.3698
0,0.3015
1,0.4101
2,0.4114
3,0.4149
4,0.4176
5,0.4181
6,0.4254
7,0.4219
8,0.4265
9,0.4222
10,0.4238
11,0.4218
12,0.4269
13,0.3320
0,0.4184
1,0.1089
2,0.1088
3,0.0871
4,0.0862
5,0.0780
6,0.0901
7,0.0685
8,0.0784
9,0.0824
10,0.0744
11,0.0546
12,0.0901
13,0.3480
0,0.3737
1,0.6209
2,0.6445
3,0.6608
4,0.6527
5,0.6622
6,0.6628
7,0.6748
8,0.6761
9,0.6819
10,0.6709
11,0.6593
12,0.6659
13,0.4447
0,0.3969
1,0.3805
2,0.5248
3,0.4476
4,0.5624
5,0.4203
6,0.5677
7,0.4307
8,0.5842
9,0.4766
10,0.5640
11,0.4278
12,0.5873
13,0.4729
0,0.5484
1,0.6186
2,0.5805
3,0.5969
4,0.5538
5,0.6079
6,0.5422
7,0.6021
8,0.5461
9,0.5833
10,0.5438
11,0.6111
12,0.5379
13,0.5802
0,0.7094
1,0.7173
2,0.4451
3,0.6878
4,0.3599
5,0.6569
6,0.3668
7,0.6707
8,0.3678
9,0.6174
10,0.3459
11,0.6392
12,0.3693
13,0.8126
0,0.4664
1,0.5675
2,0.4585
3,0.5268
4,0.4703
5,0.5641
6,0.4716
7,0.5449
8,0.4564
9,0.5044
10,0.4103
11,0.5462
12,0.4227
13,0.4480
0,-0.0841
1,-0.0769
2,-0.0146
3,-0.0512
4,-0.0061
5,-0.0537
6,0.0062
7,-0.0430
8,0.0036
9,-0.0359
10,0.0017
11,-0.0612
12,-0.0014
13,-0.0625
0,0.4318
1,0.3986
2,0.3447
3,0.4173
4,0.3649
5,0.4642
6,0.3900
7,0.4679
8,0.4114
9,0.4357
10,0.3442
11,0.4733
12,0.3915
13,0.4548
0,0.4244
1,0.3048
2,0.2743
3,0.2810
4,0.2126
5,0.2994
6,0.1996
7,0.3073
8,0.2043
9,0.2635
10,0.1879
11,0.2477
12,0.2643
13,0.2971
0,0.2737
1,0.2455
2,0.2337
3,0.2063
4,0.2119
5,0.2097
6,0.2138
7,0.2070
8,0.2268
9,0.1943
10,0.2063
11,0.2147
12,0.2738
13,0.2303
0,0.3005
1,0.3561
2,0.3756
3,0.3562
4,0.3827
5,0.3740
6,0.3990
7,0.3648
8,0.3995
9,0.3818
10,0.4059
11,0.3634
12,0.4128
13,0.3637
0,0.4071
1,0.4501
2,0.4397
3,0.4353
4,0.4346
5,0.4648
6,0.4430
7,0.4563
8,0.4419
9,0.4746
10,0.4518
11,0.4785
12,0.4542
13,0.4708
0,0.2786
1,0.3285
2,0.3836
3,0.3540
4,0.3794
5,0.3879
6,0.3912
7,0.3672
8,0.4014
9,0.3770
10,0.3838
11,0.3660
12,0.3935
13,0.2983
0,0.3162
1,0.3598
2,0.3464
3,0.3516
4,0.3536
5,0.3684
6,0.3618
7,0.3789
8,0.3558
9,0.3688
10,0.3621
11,0.3781
12,0.3609
13,0.3503
0,0.3897
1,0.4281
2,0.4138
3,0.4211
4,0.4152
5,0.4270
6,0.4251
7,0.4276
8,0.4267
9,0.4288
10,0.4243
11,0.4259
12,0.4229
13,0.3661
0,0.3009
1,0.4094
2,0.4104
3,0.4142
4,0.4171
5,0.4177
6,0.4247
7,0.4214
8,0.4256
9,0.4214
10,0.4228
11,0.4208
12,0.4257
13,0.3303
0,0.4166
1,0.1083
2,0.1082
3,0.0867
4,0.0859
5,0.0778
6,0.0898
7,0.0683
8,0.0783
9,0.0823
10,0.0743
11,0.0544
12,0.0900
13,0.3421
0,0.3743
1,0.6208
2,0.6445
3,0.6610
4,0.6527
5,0.6622
6,0.6627
7,0.6751
8,0.6760
9,0.6817
10,0.6705
11,0.6591
12,0.6660
13,0.4422
0,0.4011
1,0.3846
2,0.5272
3,0.4509
4,0.5662
5,0.4226
6,0.5711
7,0.4344
8,0.5884
9,0.4817
10,0.5695
11,0.4324
12,0.5917
13,0.4846
0,0.5478
1,0.6148
2,0.5762
3,0.5925
4,0.5496
5,0.6028
6,0.5383
7,0.5977
8,0.5423
9,0.5791
10,0.5402
11,0.6064
12,0.5350
13,0.5787
0,0.7141
1,0.7232
2,0.4574
3,0.6922
4,0.3866
5,0.6602
6,0.3998
7,0.6754
8,0.4019
9,0.6245
10,0.3734
11,0.6434
12,0.4059
13,0.8111
0,0.4746
1,0.5747
2,0.4752
3,0.5364
4,0.4931
5,0.5733
6,0.4954
7,0.5533
8,0.4781
9,0.5172
10,0.4300
11,0.5529
12,0.4488
13,0.4517
0,-0.0786
1,-0.0702
2,-0.0062
3,-0.0442
4,0.0034
5,-0.0472
6,0.0160
7,-0.0362
8,0.0131
9,-0.0285
10,0.0120
11,-0.0549
12,0.0051
13,-0.0561
0,0.4428
1,0.4137
2,0.3608
3,0.4324
4,0.3818
5,0.4804
6,0.4079
7,0.4824
8,0.4309
9,0.4542
10,0.3634
11,0.4864
12,0.4155
13,0.4733
0,0.4375
1,0.3219
2,0.2857
3,0.2908
4,0.2222
5,0.3111
6,0.2114
7,0.3186
8,0.2196
9,0.2771
10,0.2018
11,0.2580
12,0.2751
13,0.3053
0,0.2739
1,0.2488
2,0.2364
3,0.2092
4,0.2139
5,0.2095
6,0.2184
7,0.2075
8,0.2249
9,0.1949
10,0.2089
11,0.2167
12,0.2872
13,0.2313
0,0.3007
1,0.3546
2,0.3750
3,0.3549
4,0.3824
5,0.3740
6,0.3979
7,0.3628
8,0.3987
9,0.3815
10,0.4059
11,0.3624
12,0.4145
13,0.3652
0,0.4072
1,0.4503
2,0.4391
3,0.4313
4,0.4333
5,0.4667
6,0.4464
7,0.4563
8,0.4445
9,0.4718
10,0.4507
11,0.4783
12,0.4529
13,0.4720
0,0.2785
1,0.3300
2,0.3827
3,0.3546
4,0.3759
5,0.3885
6,0.3905
7,0.3671
8,0.4007
9,0.3751
10,0.3827
11,0.3632
12,0.3977
13,0.2982
0,0.3158
1,0.3581
2,0.3461
3,0.3533
4,0.3533
5,0.3681
6,0.3599
7,0.3778
8,0.3547
9,0.3667
10,0.3616
11,0.3777
12,0.3608
13,0.3504
0,0.3877
1,0.4271
2,0.4132
3,0.4215
4,0.4165
5,0.4265
6,0.4266
7,0.4274
8,0.4274
9,0.4284
10,0.4241
11,0.4255
12,0.4239
13,0.3614
0,0.2998
1,0.4086
2,0.4095
3,0.4134
4,0.4166
5,0.4174
6,0.4241
7,0.4205
8,0.4243
9,0.4204
10,0.4219
11,0.4198
12,0.4243
13,0.3276
0,0.4144
1,0.1076
2,0.1076
3,0.0862
4,0.0857
5,0.0777
6,0.0896
7,0.0682
8,0.0781
9,0.0823
10,0.0742
11,0.0543
12,0.0899
13,0.3353
0,0.3751
1,0.6208
2,0.6445
3,0.6612
4,0.6526
5,0.6622
6,0.6626
7,0.6753
8,0.6757
9,0.6815
10,0.6701
11,0.6589
12,0.6661
13,0.4390
0,0.4052
1,0.3881
2,0.5288
3,0.4538
4,0.5694
5,0.4245
6,0.5739
7,0.4378
8,0.5921
9,0.4865
10,0.5745
11,0.4368
12,0.5954
13,0.4973
0,0.5472
1,0.6107
2,0.5716
3,0.5875
4,0.5450
5,0.5970
6,0.5340
7,0.5928
8,0.5381
9,0.5745
10,0.5363
11,0.6011
12,0.5322
13,0.5771
0,0.7198
1,0.7296
2,0.4736
3,0.6977
4,0.4196
5,0.6655
6,0.4386
7,0.6813
8,0.4415
9,0.6339
10,0.4056
11,0.6495
12,0.4457
13,0.8089
0,0.4846
1,0.5833
2,0.4952
3,0.5485
4,0.5187
5,0.5847
6,0.5221
7,0.5635
8,0.5027
9,0.5327
10,0.4527
11,0.5608
12,0.4785
13,0.4564
0,-0.0725
1,-0.0623
2,0.0036
3,-0.0364
4,0.0146
5,-0.0397
6,0.0270
7,-0.0285
8,0.0240
9,-0.0199
10,0.0235
11,-0.0477
12,0.0125
13,-0.0486
0,0.4556
1,0.4312
2,0.3793
3,0.4488
4,0.4014
5,0.4987
6,0.4285
7,0.4985
8,0.4536
9,0.4749
10,0.3860
11,0.5014
12,0.4443
13,0.4965
0,0.4512
1,0.3407
2,0.2979
3,0.3017
4,0.2337
5,0.3246
6,0.2247
7,0.3310
8,0.2367
9,0.2917
10,0.2164
11,0.2696
12,0.2872
13,0.3170
0,0.2740
1,0.2525
2,0.2393
3,0.2128
4,0.2166
5,0.2088
6,0.2218
7,0.2065
8,0.2249
9,0.1963
10,0.2113
11,0.2197
12,0.2990
13,0.2330
0,0.3009
1,0.3532
2,0.3747
3,0.3542
4,0.3826
5,0.3747
6,0.3968
7,0.3609
8,0.3982
9,0.3819
10,0.4056
11,0.3619
12,0.4175
13,0.3664
0,0.4075
1,0.4502
2,0.4386
3,0.4292
4,0.4325
5,0.4692
6,0.4494
7,0.4578
8,0.4477
9,0.4714
10,0.4502
11,0.4767
12,0.4525
13,0.4729
0,0.2785
1,0.3313
2,0.3820
3,0.3553
4,0.3728
5,0.3894
6,0.3904
7,0.3673
8,0.4004
9,0.3756
10,0.3822
11,0.3604
12,0.4015
13,0.3005
0,0.3150
1,0.3556
2,0.3446
3,0.3543
4,0.3535
5,0.3655
6,0.3571
7,0.3755
8,0.3522
9,0.3648
10,0.3600
11,0.3771
12,0.3602
13,0.3507
0,0.3857
1,0.4259
2,0.4125
3,0.4214
4,0.4178
5,0.4270
6,0.4277
7,0.4269
8,0.4268
9,0.4271
10,0.4234
11,0.4236
12,0.4242
13,0.3565
0,0.2980
1,0.4077
2,0.4085
3,0.4124
4,0.4161
5,0.4170
6,0.4233
7,0.4200
8,0.4236
9,0.4196
10,0.4211
11,0.4190
12,0.4230
13,0.3243
0,0.4117
1,0.1067
2,0.1068
3,0.0857
4,0.0854
5,0.0774
6,0.0892
7,0.0680
8,0.0779
9,0.0821
10,0.0740
11,0.0540
12,0.0898
13,0.3286
0,0.3759
1,0.6209
2,0.6445
3,0.6614
4,0.6525
5,0.6621
6,0.6624
7,0.6755
8,0.6753
9,0.6810
10,0.6694
11,0.6586
12,0.6661
13,0.4349
0,0.4094
1,0.3911
2,0.5297
3,0.4566
4,0.5721
5,0.4266
6,0.5764
7,0.4416
8,0.5958
9,0.4914
10,0.5791
11,0.4414
12,0.5985
13,0.5098
0,0.5464
1,0.6064
2,0.5668
3,0.5822
4,0.5401
5,0.5908
6,0.5295
7,0.5874
8,0.5337
9,0.5694
10,0.5322
11,0.5955
12,0.5294
13,0.5754
0,0.7265
1,0.7364
2,0.4945
3,0.7047
4,0.4589
5,0.6730
6,0.4828
7,0.6886
8,0.4861
9,0.6456
10,0.4423
11,0.6575
12,0.4876
13,0.8066
0,0.4964
1,0.5930
2,0.5186
3,0.5630
4,0.5463
5,0.5985
6,0.5505
7,0.5757
8,0.5295
9,0.5510
10,0.4779
11,0.5702
12,0.5103
13,0.4628
0,-0.0661
1,-0.0534
2,0.0148
3,-0.0278
4,0.0271
5,-0.0312
6,0.0391
7,-0.0195
8,0.0362
9,-0.0098
10,0.0361
11,-0.0393
12,0.0208
13,-0.0399
0,0.4707
1,0.4509
2,0.4010
3,0.4661
4,0.4235
5,0.5192
6,0.4525
7,0.5163
8,0.4800
9,0.4981
10,0.4126
11,0.5186
12,0.4784
13,0.5229
0,0.4655
1,0.3611
2,0.3117
3,0.3142
4,0.2485
5,0.3397
6,0.2404
7,0.3439
8,0.2590
9,0.3068
10,0.2316
11,0.2825
12,0.3033
13,0.3331
0,0.2735
1,0.2549
2,0.2425
3,0.2161
4,0.2222
5,0.2083
6,0.2264
7,0.2053
8,0.2271
9,0.1968
10,0.2121
11,0.2226
12,0.3073
13,0.2333
0,0.3014
1,0.3518
2,0.3746
3,0.3539
4,0.3820
5,0.3759
6,0.3957
7,0.3602
8,0.3965
9,0.3828
10,0.4049
11,0.3621
12,0.4194
13,0.3667
0,0.4089
1,0.4506
2,0.4393
3,0.4263
4,0.4305
5,0.4728
6,0.4528
7,0.4620
8,0.4510
9,0.4705
10,0.4521
11,0.4783
12,0.4514
13,0.4742
0,0.2790
1,0.3326
2,0.3814
3,0.3545
4,0.3698
5,0.3907
6,0.3911
7,0.3683
8,0.3998
9,0.3769
10,0.3824
11,0.3600
12,0.4043
13,0.3041
0,0.3167
1,0.3531
2,0.3431
3,0.3519
4,0.3534
5,0.3635
6,0.3550
7,0.3731
8,0.3496
9,0.3630
10,0.3583
11,0.3752
12,0.3585
13,0.3493
0,0.3834
1,0.4247
2,0.4121
3,0.4211
4,0.4190
5,0.4272
6,0.4285
7,0.4262
8,0.4261
9,0.4260
10,0.4228
11,0.4222
12,0.4238
13,0.3518
0,0.2957
1,0.4066
2,0.4075
3,0.4118
4,0.4156
5,0.4168
6,0.4224
7,0.4196
8,0.4227
9,0.4189
10,0.4201
11,0.4182
12,0.4215
13,0.3207
0,0.4087
1,0.1056
2,0.1058
3,0.0849
4,0.0849
5,0.0769
6,0.0887
7,0.0676
8,0.0775
9,0.0817
10,0.0735
11,0.0535
12,0.0892
13,0.3228
0,0.3768
1,0.6213
2,0.6445
3,0.6616
4,0.6524
5,0.6622
6,0.6622
7,0.6757
8,0.6748
9,0.6805
10,0.6687
11,0.6583
12,0.6657
13,0.4285
0,0.4136
1,0.3934
2,0.5302
3,0.4595
4,0.5747
5,0.4291
6,0.5790
7,0.4460
8,0.5996
9,0.4966
10,0.5836
11,0.4458
12,0.6015
13,0.5196
0,0.5452
1,0.6016
2,0.5620
3,0.5765
4,0.5351
5,0.5843
6,0.5252
7,0.5815
8,0.5294
9,0.5640
10,0.5280
11,0.5898
12,0.5268
13,0.5731
0,0.7335
1,0.7432
2,0.5206
3,0.7132
4,0.5036
5,0.6821
6,0.5305
7,0.6974
8,0.5343
9,0.6591
10,0.4821
11,0.6671
12,0.5298
13,0.8043
0,0.5094
1,0.6027
2,0.5440
3,0.5799
4,0.5744
5,0.6149
6,0.5782
7,0.5900
8,0.5575
9,0.5719
10,0.5046
11,0.5812
12,0.5408
13,0.4707
0,-0.0592
1,-0.0433
2,0.0274
3,-0.0180
4,0.0408
5,-0.0218
6,0.0523
7,-0.0086
8,0.0499
9,0.0021
10,0.0502
11,-0.0293
12,0.0305
13,-0.0308
0,0.4885
1,0.4719
2,0.4254
3,0.4831
4,0.4476
5,0.5410
6,0.4780
7,0.5354
8,0.5103
9,0.5234
10,0.4431
11,0.5375
12,0.5143
13,0.5488
0,0.4800
1,0.3828
2,0.3285
3,0.3302
4,0.2682
5,0.3576
6,0.2591
7,0.3587
8,0.2868
9,0.3236
10,0.2480
11,0.2975
12,0.3250
13,0.3514
0,0.2728
1,0.2566
2,0.2477
3,0.2196
4,0.2254
5,0.2091
6,0.2275
7,0.2034
8,0.2275
9,0.1961
10,0.2121
11,0.2255
12,0.3089
13,0.2332
0,0.3030
1,0.3498
2,0.3751
3,0.3537
4,0.3823
5,0.3765
6,0.3951
7,0.3613
8,0.3948
9,0.3834
10,0.4046
11,0.3628
12,0.4196
13,0.3673
0,0.4094
1,0.4516
2,0.4401
3,0.4262
4,0.4319
5,0.4758
6,0.4567
7,0.4664
8,0.4549
9,0.4709
10,0.4550
11,0.4822
12,0.4562
13,0.4754
0,0.2798
1,0.3338
2,0.3812
3,0.3546
4,0.3686
5,0.3914
6,0.3921
7,0.3703
8,0.3992
9,0.3787
10,0.3828
11,0.3622
12,0.4060
13,0.3077
0,0.3188
1,0.3523
2,0.3426
3,0.3527
4,0.3516
5,0.3610
6,0.3525
7,0.3710
8,0.3504
9,0.3609
10,0.3573
11,0.3732
12,0.3567
13,0.3472
0,0.3808
1,0.4229
2,0.4116
3,0.4206
4,0.4189
5,0.4271
6,0.4282
7,0.4248
8,0.4257
9,0.4250
10,0.4221
11,0.4201
12,0.4234
13,0.3476
0,0.2932
1,0.4056
2,0.4064
3,0.4113
4,0.4154
5,0.4167
6,0.4217
7,0.4193
8,0.4218
9,0.4183
10,0.4191
11,0.4172
12,0.4204
13,0.3170
0,0.4055
1,0.1044
2,0.1048
3,0.0841
4,0.0843
5,0.0763
6,0.0880
7,0.0669
8,0.0769
9,0.0811
10,0.0727
11,0.0527
12,0.0884
13,0.3179
0,0.3782
1,0.6219
2,0.6446
3,0.6619
4,0.6524
5,0.6623
6,0.6620
7,0.6759
8,0.6742
9,0.6799
10,0.6678
11,0.6581
12,0.6649
13,0.4209
0,0.4174
1,0.3942
2,0.5302
3,0.4622
4,0.5770
5,0.4318
6,0.5815
7,0.4508
8,0.6035
9,0.5016
10,0.5873
11,0.4487
12,0.6040
13,0.5255
0,0.5434
1,0.5964
2,0.5573
3,0.5704
4,0.5301
5,0.5777
6,0.5213
7,0.5754
8,0.5251
9,0.5584
10,0.5237
11,0.5842
12,0.5243
13,0.5706
0,0.7403
1,0.7498
2,0.5525
3,0.7231
4,0.5540
5,0.6932
6,0.5809
7,0.7081
8,0.5853
9,0.6739
10,0.5233
11,0.6782
12,0.5725
13,0.7996
0,0.5245
1,0.6126
2,0.5713
3,0.6000
4,0.6022
5,0.6348
6,0.6040
7,0.6073
8,0.5863
9,0.5959
10,0.5322
11,0.5945
12,0.5692
13,0.4806
0,-0.0511
1,-0.0316
2,0.0421
3,-0.0063
4,0.0559
5,-0.0107
6,0.0669
7,0.0055
8,0.0657
9,0.0167
10,0.0669
11,-0.0166
12,0.0424
13,-0.0212
0,0.5093
1,0.4931
2,0.4520
3,0.4986
4,0.4739
5,0.5630
6,0.5041
7,0.5546
8,0.5453
9,0.5503
10,0.4764
11,0.5571
12,0.5492
13,0.5726
0,0.4934
1,0.4025
2,0.3472
3,0.3493
4,0.2920
5,0.3806
6,0.2817
7,0.3772
8,0.3173
9,0.3427
10,0.2648
11,0.3154
12,0.3489
13,0.3688
0,0.2724
1,0.2587
2,0.2505
3,0.2232
4,0.2281
5,0.2108
6,0.2267
7,0.2044
8,0.2297
9,0.1967
10,0.2145
11,0.2295
12,0.3081
13,0.2350
0,0.3051
1,0.3478
2,0.3766
3,0.3530
4,0.3825
5,0.3751
6,0.3946
7,0.3636
8,0.3924
9,0.3839
10,0.4015
11,0.3660
12,0.4183
13,0.3678
0,0.4114
1,0.4538
2,0.4428
3,0.4289
4,0.4374
5,0.4784
6,0.4624
7,0.4704
8,0.4599
9,0.4725
10,0.4561
11,0.4848
12,0.4627
13,0.4766
0,0.2816
1,0.3353
2,0.3810
3,0.3551
4,0.3687
5,0.3912
6,0.3929
7,0.3741
8,0.3993
9,0.3804
10,0.3836
11,0.3652
12,0.4075
13,0.3121
0,0.3189
1,0.3503
2,0.3434
3,0.3522
4,0.3494
5,0.3560
6,0.3501
7,0.3666
8,0.3503
9,0.3610
10,0.3559
11,0.3703
12,0.3592
13,0.3440
0,0.3779
1,0.4211
2,0.4100
3,0.4198
4,0.4200
5,0.4275
6,0.4277
7,0.4241
8,0.4248
9,0.4230
10,0.4205
11,0.4179
12,0.4218
13,0.3437
0,0.2909
1,0.4043
2,0.4052
3,0.4107
4,0.4150
5,0.4166
6,0.4208
7,0.4191
8,0.4208
9,0.4176
10,0.4181
11,0.4165
12,0.4196
13,0.3131
0,0.4020
1,0.1031
2,0.1039
3,0.0832
4,0.0836
5,0.0756
6,0.0872
7,0.0662
8,0.0761
9,0.0803
10,0.0720
11,0.0519
12,0.0876
13,0.3137
0,0.3804
1,0.6228
2,0.6444
3,0.6620
4,0.6521
5,0.6623
6,0.6617
7,0.6761
8,0.6734
9,0.6790
10,0.6667
11,0.6578
12,0.6636
13,0.4160
0,0.4207
1,0.3925
2,0.5299
3,0.4642
4,0.5786
5,0.4344
6,0.5837
7,0.4553
8,0.6072
9,0.5056
10,0.5893
11,0.4493
12,0.6054
13,0.5282
0,0.5412
1,0.5908
2,0.5527
3,0.5641
4,0.5252
5,0.5713
6,0.5178
7,0.5690
8,0.5212
9,0.5527
10,0.5194
11,0.5785
12,0.5220
13,0.5686
0,0.7463
1,0.7575
2,0.5914
3,0.7346
4,0.6096
5,0.7068
6,0.6328
7,0.7206
8,0.6374
9,0.6896
10,0.5645
11,0.6912
12,0.6155
13,0.7887
0,0.5429
1,0.6247
2,0.6006
3,0.6252
4,0.6293
5,0.6593
6,0.6266
7,0.6294
8,0.6151
9,0.6233
10,0.5597
11,0.6109
12,0.5968
13,0.4935
0,-0.0399
1,-0.0160
2,0.0600
3,0.0096
4,0.0735
5,0.0052
6,0.0833
7,0.0249
8,0.0842
9,0.0365
10,0.0861
11,0.0008
12,0.0579
13,-0.0091
0,0.5326
1,0.5137
2,0.4801
3,0.5126
4,0.5041
5,0.5832
6,0.5330
7,0.5736
8,0.5863
9,0.5751
10,0.5113
11,0.5768
12,0.5824
13,0.5939
0,0.5044
1,0.4177
2,0.3673
3,0.3725
4,0.3195
5,0.4105
6,0.3112
7,0.3982
8,0.3509
9,0.3633
10,0.2807
11,0.3365
12,0.3711
13,0.3849
0,0.2720
1,0.2593
2,0.2514
3,0.2290
4,0.2334
5,0.2160
6,0.2289
7,0.2076
8,0.2335
9,0.2017
10,0.2158
11,0.2370
12,0.3081
13,0.2387
0,0.3082
1,0.3455
2,0.3789
3,0.3534
4,0.3804
5,0.3710
6,0.3928
7,0.3665
8,0.3925
9,0.3825
10,0.4007
11,0.3680
12,0.4164
13,0.3688
0,0.4134
1,0.4552
2,0.4459
3,0.4350
4,0.4423
5,0.4803
6,0.4683
7,0.4761
8,0.4695
9,0.4726
10,0.4637
11,0.4854
12,0.4670
13,0.4780
0,0.2844
1,0.3374
2,0.3812
3,0.3550
4,0.3687
5,0.3884
6,0.3929
7,0.3794
8,0.4003
9,0.3797
10,0.3865
11,0.3663
12,0.4092
13,0.3174
0,0.3158
1,0.3470
2,0.3430
3,0.3505
4,0.3457
5,0.3532
6,0.3460
7,0.3599
8,0.3472
9,0.3567
10,0.3483
11,0.3666
12,0.3589
13,0.3406
0,0.3754
1,0.4193
2,0.4082
3,0.4193
4,0.4209
5,0.4280
6,0.4270
7,0.4220
8,0.4244
9,0.4218
10,0.4206
11,0.4161
12,0.4204
13,0.3406
0,0.2883
1,0.4029
2,0.4037
3,0.4099
4,0.4142
5,0.4161
6,0.4195
7,0.4185
8,0.4195
9,0.4164
10,0.4171
11,0.4157
12,0.4189
13,0.3100
0,0.3979
1,0.1018
2,0.1030
3,0.0823
4,0.0829
5,0.0748
6,0.0864
7,0.0653
8,0.0753
9,0.0795
10,0.0712
11,0.0511
12,0.0868
13,0.3101
0,0.3834
1,0.6238
2,0.6438
3,0.6618
4,0.6515
5,0.6619
6,0.6609
7,0.6758
8,0.6719
9,0.6777
10,0.6651
11,0.6573
12,0.6618
13,0.4131
0,0.4239
1,0.3882
2,0.5296
3,0.4651
4,0.5794
5,0.4365
6,0.5852
7,0.4588
8,0.6101
9,0.5082
10,0.5892
11,0.4476
12,0.6052
13,0.5288
0,0.5387
1,0.5850
2,0.5488
3,0.5581
4,0.5213
5,0.5658
6,0.5158
7,0.5632
8,0.5184
9,0.5474
10,0.5158
11,0.5731
12,0.5205
13,0.5674
0,0.7531
1,0.7681
2,0.6381
3,0.7471
4,0.6666
5,0.7240
6,0.6833
7,0.7344
8,0.6875
9,0.7061
10,0.6057
11,0.7060
12,0.6576
13,0.7722
0,0.5636
1,0.6406
2,0.6302
3,0.6564
4,0.6542
5,0.6873
6,0.6440
7,0.6567
8,0.6420
9,0.6523
10,0.5851
11,0.6303
12,0.6240
13,0.5095
0,-0.0225
1,0.0064
2,0.0806
3,0.0315
4,0.0935
5,0.0299
6,0.1014
7,0.0499
8,0.1052
9,0.0609
10,0.1054
11,0.0235
12,0.0780
13,0.0066
0,0.5551
1,0.5334
2,0.5074
3,0.5255
4,0.5381
5,0.5964
6,0.5656
7,0.5916
8,0.6310
9,0.5897
10,0.5455
11,0.5931
12,0.6144
13,0.6099
0,0.5172
1,0.4362
2,0.3913
3,0.3982
4,0.3535
5,0.4460
6,0.3457
7,0.4066
8,0.3880
9,0.3932
10,0.3028
11,0.3634
12,0.3930
13,0.4029
0,0.2715
1,0.2577
2,0.2525
3,0.2357
4,0.2423
5,0.2205
6,0.2339
7,0.2099
8,0.2357
9,0.2032
10,0.2232
11,0.2443
12,0.3081
13,0.2446
0,0.3132
1,0.3453
2,0.3812
3,0.3542
4,0.3763
5,0.3661
6,0.3893
7,0.3689
8,0.3895
9,0.3791
10,0.4035
11,0.3702
12,0.4132
13,0.3699
0,0.4156
1,0.4549
2,0.4453
3,0.4390
4,0.4413
5,0.4829
6,0.4682
7,0.4821
8,0.4755
9,0.4744
10,0.4693
11,0.4866
12,0.4704
13,0.4799
0,0.2890
1,0.3403
2,0.3825
3,0.3551
4,0.3687
5,0.3873
6,0.3882
7,0.3836
8,0.3979
9,0.3794
10,0.3904
11,0.3685
12,0.4118
13,0.3216
0,0.3147
1,0.3467
2,0.3404
3,0.3515
4,0.3417
5,0.3494
6,0.3430
7,0.3503
8,0.3464
9,0.3526
10,0.3451
11,0.3611
12,0.3578
13,0.3401
0,0.3742
1,0.4185
2,0.4081
3,0.4192
4,0.4219
5,0.4263
6,0.4255
7,0.4209
8,0.4239
9,0.4217
10,0.4198
11,0.4148
12,0.4189
13,0.3397
0,0.2855
1,0.4007
2,0.4013
3,0.4082
4,0.4125
5,0.4142
6,0.4170
7,0.4172
8,0.4168
9,0.4140
10,0.4147
11,0.4145
12,0.4176
13,0.3071
0,0.3927
1,0.1005
2,0.1021
3,0.0815
4,0.0821
5,0.0740
6,0.0856
7,0.0644
8,0.0745
9,0.0787
10,0.0704
11,0.0502
12,0.0861
13,0.3066
0,0.3870
1,0.6244
2,0.6424
3,0.6607
4,0.6499
5,0.6608
6,0.6592
7,0.6745
8,0.6694
9,0.6753
10,0.6625
11,0.6561
12,0.6589
13,0.4117
0,0.4280
1,0.3837
2,0.5302
3,0.4654
4,0.5795
5,0.4384
6,0.5860
7,0.4608
8,0.6119
9,0.5094
10,0.5869
11,0.4452
12,0.6031
13,0.5279
0,0.5366
1,0.5795
2,0.5463
3,0.5535
4,0.5193
5,0.5620
6,0.5161
7,0.5590
8,0.5178
9,0.5433
10,0.5144
11,0.5689
12,0.5208
13,0.5675
0,0.7653
1,0.7815
2,0.6905
3,0.7598
4,0.7199
5,0.7449
6,0.7289
7,0.7484
8,0.7328
9,0.7235
10,0.6484
11,0.7235
12,0.6992
13,0.7531
0,0.5857
1,0.6590
2,0.6574
3,0.6920
4,0.6746
5,0.7148
6,0.6554
7,0.6869
8,0.6643
9,0.6776
10,0.6066
11,0.6522
12,0.6488
13,0.5267
0,-0.0011
1,0.0313
2,0.1011
3,0.0579
4,0.1135
5,0.0576
6,0.1189
7,0.0755
8,0.1273
9,0.0855
10,0.1236
11,0.0458
12,0.1001
13,0.0258
0,0.5805
1,0.5565
2,0.5366
3,0.5506
4,0.5773
5,0.6125
6,0.5999
7,0.6101
8,0.6738
9,0.6047
10,0.5829
11,0.6067
12,0.6490
13,0.6213
0,0.5376
1,0.4705
2,0.4236
3,0.4220
4,0.4025
5,0.4817
6,0.3892
7,0.4420
8,0.4322
9,0.4367
10,0.3371
11,0.4037
12,0.4234
13,0.4264
0,0.2717
1,0.2622
2,0.2604
3,0.2490
4,0.2569
5,0.2257
6,0.2370
7,0.2148
8,0.2420
9,0.2087
10,0.2252
11,0.2458
12,0.3120
13,0.2530
0,0.3185
1,0.3426
2,0.3813
3,0.3534
4,0.3705
5,0.3635
6,0.3862
7,0.3673
8,0.3915
9,0.3759
10,0.4087
11,0.3699
12,0.4126
13,0.3696
0,0.4190
1,0.4558
2,0.4394
3,0.4379
4,0.4279
5,0.4823
6,0.4754
7,0.4800
8,0.4761
9,0.4773
10,0.4773
11,0.4872
12,0.4737
13,0.4805
0,0.2945
1,0.3424
2,0.3833
3,0.3544
4,0.3673
5,0.3862
6,0.3837
7,0.3856
8,0.4008
9,0.3809
10,0.3977
11,0.3714
12,0.4151
13,0.3251
0,0.3144
1,0.3440
2,0.3337
3,0.3479
4,0.3389
5,0.3460
6,0.3398
7,0.3510
8,0.3447
9,0.3511
10,0.3461
11,0.3608
12,0.3542
13,0.3408
0,0.3726
1,0.4172
2,0.4105
3,0.4198
4,0.4217
5,0.4257
6,0.4262
7,0.4210
8,0.4246
9,0.4221
10,0.4181
11,0.4146
12,0.4188
13,0.3402
0,0.2818
1,0.3967
2,0.3977
3,0.4048
4,0.4094
5,0.4103
6,0.4119
7,0.4136
8,0.4126
9,0.4095
10,0.4111
11,0.4112
12,0.4143
13,0.3044
0,0.3852
1,0.0997
2,0.1019
3,0.0810
4,0.0816
5,0.0734
6,0.0851
7,0.0634
8,0.0738
9,0.0781
10,0.0702
11,0.0499
12,0.0863
13,0.3052
0,0.3901
1,0.6242
2,0.6393
3,0.6580
4,0.6467
5,0.6582
6,0.6559
7,0.6717
8,0.6651
9,0.6712
10,0.6581
11,0.6537
12,0.6541
13,0.4161
0,0.4335
1,0.3834
2,0.5325
3,0.4659
4,0.5789
5,0.4404
6,0.5853
7,0.4608
8,0.6111
9,0.5095
10,0.5818
11,0.4427
12,0.5980
13,0.5223
0,0.5361
1,0.5751
2,0.5460
3,0.5508
4,0.5200
5,0.5603
6,0.5194
7,0.5569
8,0.5203
9,0.5412
10,0.5168
11,0.5672
12,0.5237
13,0.5689
0,0.7852
1,0.7965
2,0.7440
3,0.7747
4,0.7636
5,0.7710
6,0.7655
7,0.7649
8,0.7723
9,0.7436
10,0.6903
11,0.7470
12,0.7387
13,0.7344
0,0.6073
1,0.6767
2,0.6765
3,0.7258
4,0.6861
5,0.7383
6,0.6586
7,0.7139
8,0.6769
9,0.6946
10,0.6221
11,0.6781
12,0.6642
13,0.5388
0,0.0229
1,0.0530
2,0.1189
3,0.0816
4,0.1308
5,0.0822
6,0.1356
7,0.0999
8,0.1496
9,0.1068
10,0.1422
11,0.0653
12,0.1215
13,0.0471
0,0.6189
1,0.5889
2,0.5756
3,0.5902
4,0.6217
5,0.6374
6,0.6338
7,0.6347
8,0.7125
9,0.6264
10,0.6225
11,0.6342
12,0.6826
13,0.6248
0,0.5661
1,0.5149
2,0.4678
3,0.4777
4,0.4682
5,0.5184
6,0.4362
7,0.4896
8,0.4790
9,0.4768
10,0.3746
11,0.4479
12,0.4537
13,0.4527
0,0.2736
1,0.2677
2,0.2714
3,0.2608
4,0.2735
5,0.2335
6,0.2460
7,0.2225
8,0.2525
9,0.2175
10,0.2323
11,0.2510
12,0.3189
13,0.2630
0,0.3201
1,0.3340
2,0.3790
3,0.3537
4,0.3695
5,0.3573
6,0.3841
7,0.3630
8,0.3941
9,0.3716
10,0.4154
11,0.3707
12,0.4145
13,0.3689
0,0.4200
1,0.4508
2,0.4398
3,0.4377
4,0.4252
5,0.4737
6,0.4728
7,0.4744
8,0.4769
9,0.4730
10,0.4812
11,0.4890
12,0.4744
13,0.4804
0,0.3005
1,0.3433
2,0.3853
3,0.3581
4,0.3678
5,0.3811
6,0.3783
7,0.3872
8,0.4055
9,0.3801
10,0.4055
11,0.3777
12,0.4187
13,0.3274
0,0.3161
1,0.3446
2,0.3320
3,0.3513
4,0.3403
5,0.3435
6,0.3411
7,0.3527
8,0.3471
9,0.3564
10,0.3506
11,0.3632
12,0.3614
13,0.3385
0,0.3723
1,0.4169
2,0.4124
3,0.4202
4,0.4210
5,0.4259
6,0.4266
7,0.4207
8,0.4252
9,0.4205
10,0.4192
11,0.4145
12,0.4163
13,0.3427
0,0.2792
1,0.3932
2,0.3946
3,0.4015
4,0.4070
5,0.4072
6,0.4079
7,0.4105
8,0.4094
9,0.4060
10,0.4077
11,0.4096
12,0.4118
13,0.3027
0,0.3755
1,0.0991
2,0.1020
3,0.0807
4,0.0813
5,0.0730
6,0.0848
7,0.0627
8,0.0735
9,0.0779
10,0.0705
11,0.0502
12,0.0869
13,0.3121
0,0.3919
1,0.6228
2,0.6341
3,0.6532
4,0.6412
5,0.6535
6,0.6504
7,0.6665
8,0.6584
9,0.6649
10,0.6516
11,0.6498
12,0.6475
13,0.4175
0,0.4410
1,0.3892
2,0.5351
3,0.4670
4,0.5758
5,0.4429
6,0.5810
7,0.4600
8,0.6048
9,0.5065
10,0.5725
11,0.4413
12,0.5911
13,0.5189
0,0.5381
1,0.5728
2,0.5493
3,0.5517
4,0.5256
5,0.5622
6,0.5282
7,0.5583
8,0.5281
9,0.5426
10,0.5236
11,0.5702
12,0.5317
13,0.5745
0,0.8140
1,0.8265
2,0.7953
3,0.8008
4,0.7957
5,0.8101
6,0.7839
7,0.8002
8,0.8026
9,0.7757
10,0.7273
11,0.7857
12,0.7631
13,0.7383
0,0.6199
1,0.6932
2,0.6820
3,0.7508
4,0.6795
5,0.7563
6,0.6443
7,0.7335
8,0.6744
9,0.7027
10,0.6230
11,0.7076
12,0.6619
13,0.5417
0,0.0471
1,0.0728
2,0.1350
3,0.0993
4,0.1489
5,0.1032
6,0.1547
7,0.1228
8,0.1702
9,0.1265
10,0.1579
11,0.0807
12,0.1443
13,0.0724
0,0.6705
1,0.6279
2,0.6289
3,0.6326
4,0.6657
5,0.6654
6,0.6744
7,0.6676
8,0.7592
9,0.6540
10,0.6639
11,0.6690
12,0.7218
13,0.6372
0,0.6006
1,0.5575
2,0.5266
3,0.5466
4,0.5130
5,0.5515
6,0.4830
7,0.5269
8,0.5093
9,0.4959
10,0.4189
11,0.4840
12,0.4801
13,0.4770
0,0.2773
1,0.2740
2,0.2894
3,0.2692
4,0.2849
5,0.2428
6,0.2540
7,0.2318
8,0.2667
9,0.2298
10,0.2445
11,0.2598
12,0.3307
13,0.2709
0,0.3192
1,0.3281
2,0.3754
3,0.3476
4,0.3691
5,0.3461
6,0.3845
7,0.3592
8,0.3956
9,0.3626
10,0.4216
11,0.3684
12,0.4192
13,0.3650
0,0.4200
1,0.4457
2,0.4312
3,0.4450
4,0.4228
5,0.4814
6,0.4722
7,0.4707
8,0.4742
9,0.4634
10,0.4839
11,0.4970
12,0.4867
13,0.4798
0,0.3133
1,0.3507
2,0.3866
3,0.3701
4,0.3693
5,0.3907
6,0.3759
7,0.3954
8,0.4107
9,0.3824
10,0.4145
11,0.3915
12,0.4237
13,0.3420
0,0.3217
1,0.3509
2,0.3376
3,0.3523
4,0.3449
5,0.3495
6,0.3466
7,0.3579
8,0.3508
9,0.3606
10,0.3622
11,0.3733
12,0.3660
13,0.3500
0,0.3746
1,0.4173
2,0.4122
3,0.4210
4,0.4206
5,0.4277
6,0.4270
7,0.4242
8,0.4242
9,0.4210
10,0.4193
11,0.4149
12,0.4168
13,0.3470
0,0.2782
1,0.3919
2,0.3936
3,0.4012
4,0.4058
5,0.4060
6,0.4061
7,0.4091
8,0.4074
9,0.4062
10,0.4052
11,0.4085
12,0.4102
13,0.3040
0,0.3670
1,0.0972
2,0.1009
3,0.0797
4,0.0807
5,0.0725
6,0.0842
7,0.0619
8,0.0729
9,0.0774
10,0.0700
11,0.0495
12,0.0864
13,0.3067
0,0.3917
1,0.6194
2,0.6260
3,0.6456
4,0.6330
5,0.6462
6,0.6421
7,0.6582
8,0.6486
9,0.6553
10,0.6421
11,0.6433
12,0.6385
13,0.4119
0,0.4515
1,0.3998
2,0.5383
3,0.4686
4,0.5694
5,0.4466
6,0.5729
7,0.4609
8,0.5934
9,0.5004
10,0.5611
11,0.4435
12,0.5858
13,0.5219
0,0.5418
1,0.5734
2,0.5550
3,0.5574
4,0.5356
5,0.5692
6,0.5424
7,0.5639
8,0.5400
9,0.5478
10,0.5316
11,0.5754
12,0.5427
13,0.5832
0,0.8595
1,0.8837
2,0.8536
3,0.8504
4,0.8356
5,0.8575
6,0.8060
7,0.8513
8,0.8270
9,0.8232
10,0.7657
11,0.8347
12,0.7913
13,0.7705
0,0.6403
1,0.7121
2,0.6999
3,0.7716
4,0.6798
5,0.7712
6,0.6439
7,0.7516
8,0.6813
9,0.7225
10,0.6330
11,0.7280
12,0.6743
13,0.5613
0,0.0664
1,0.0895
2,0.1489
3,0.1150
4,0.1640
5,0.1175
6,0.1758
7,0.1356
8,0.1866
9,0.1373
10,0.1727
11,0.0892
12,0.1624
13,0.0971
0,0.7259
1,0.6644
2,0.6954
3,0.6763
4,0.7099
5,0.7042
6,0.7299
7,0.6989
8,0.8025
9,0.6960
10,0.7247
11,0.6944
12,0.7765
13,0.6732
0,0.6229
1,0.5805
2,0.5696
3,0.5868
4,0.5473
5,0.5762
6,0.5284
7,0.5481
8,0.5292
9,0.5333
10,0.4700
11,0.5148
12,0.5059
13,0.5034
0,0.2871
1,0.2761
2,0.3063
3,0.2704
4,0.2952
5,0.2519
6,0.2673
7,0.2361
8,0.2807
9,0.2450
10,0.2589
11,0.2668
12,0.3433
13,0.2782
0,0.3132
1,0.3183
2,0.3648
3,0.3394
4,0.3669
5,0.3344
6,0.3768
7,0.3492
8,0.3904
9,0.3483
10,0.4201
11,0.3603
12,0.4142
13,0.3546
0,0.4253
1,0.4567
2,0.4277
3,0.4526
4,0.4318
5,0.4773
6,0.4662
7,0.4767
8,0.4730
9,0.4846
10,0.4951
11,0.5142
12,0.5017
13,0.4898
0,0.3187
1,0.3503
2,0.3913
3,0.3700
4,0.3804
5,0.3850
6,0.3865
7,0.3949
8,0.4205
9,0.3891
10,0.4255
11,0.3955
12,0.4321
13,0.3450
0,0.3260
1,0.3551
2,0.3459
3,0.3577
4,0.3488
5,0.3530
6,0.3496
7,0.3649
8,0.3566
9,0.3619
10,0.3650
11,0.3766
12,0.3675
13,0.3583
0,0.3807
1,0.4222
2,0.4173
3,0.4246
4,0.4270
5,0.4353
6,0.4327
7,0.4328
8,0.4327
9,0.4292
10,0.4277
11,0.4219
12,0.4227
13,0.3572
0,0.2762
1,0.3904
2,0.3930
3,0.4006
4,0.4056
5,0.4056
6,0.4060
7,0.4076
8,0.4064
9,0.4057
10,0.4044
11,0.4067
12,0.4075
13,0.3038
0,0.3577
1,0.0948
2,0.0994
3,0.0786
4,0.0801
5,0.0720
6,0.0838
7,0.0614
8,0.0726
9,0.0771
10,0.0698
11,0.0490
12,0.0860
13,0.2977
0,0.3874
1,0.6136
2,0.6147
3,0.6346
4,0.6212
5,0.6358
6,0.6305
7,0.6462
8,0.6349
9,0.6420
10,0.6291
11,0.6340
12,0.6262
13,0.4050
0,0.4625
1,0.4134
2,0.5401
3,0.4712
4,0.5605
5,0.4524
6,0.5620
7,0.4664
8,0.5823
9,0.4960
10,0.5513
11,0.4448
12,0.5820
13,0.5246
0,0.5433
1,0.5722
2,0.5554
3,0.5611
4,0.5425
5,0.5762
6,0.5512
7,0.5705
8,0.5472
9,0.5533
10,0.5364
11,0.5786
12,0.5493
13,0.5854
0,0.8839
1,0.9517
2,0.9075
3,0.9062
4,0.8797
5,0.8990
6,0.8354
7,0.9012
8,0.8516
9,0.8724
10,0.7960
11,0.8820
12,0.8064
13,0.7977
0,0.6704
1,0.7485
2,0.7414
3,0.8040
4,0.7032
5,0.7952
6,0.6806
7,0.7810
8,0.7182
9,0.7522
10,0.6777
11,0.7499
12,0.7097
13,0.6021
0,0.0827
1,0.0942
2,0.1622
3,0.1238
4,0.1747
5,0.1294
6,0.1912
7,0.1385
8,0.2008
9,0.1469
10,0.1884
11,0.1006
12,0.1755
13,0.1022
0,0.7822
1,0.7005
2,0.7604
3,0.7222
4,0.7507
5,0.7542
6,0.7887
7,0.7263
8,0.8521
9,0.7403
10,0.7909
11,0.7343
12,0.8393
13,0.7260
0,0.6605
1,0.6091
2,0.6074
3,0.6311
4,0.6068
5,0.6154
6,0.5952
7,0.5694
8,0.5850
9,0.5792
10,0.5369
11,0.5549
12,0.5538
13,0.5277
0,0.3004
1,0.2974
2,0.3266
3,0.3013
4,0.3391
5,0.2824
6,0.3177
7,0.2663
8,0.3073
9,0.2668
10,0.2960
11,0.2849
12,0.3383
13,0.2937
0,0.3050
1,0.3241
2,0.3622
3,0.3347
4,0.3503
5,0.3266
6,0.3535
7,0.3385
8,0.3747
9,0.3450
10,0.3988
11,0.3560
12,0.4046
13,0.3467
0,0.3755
1,0.4346
2,0.3998
3,0.4091
4,0.3978
5,0.4491
6,0.4331
7,0.4618
8,0.4534
9,0.4677
10,0.4739
11,0.5133
12,0.4888
13,0.4785
0,0.3012
1,0.3434
2,0.3932
3,0.3469
4,0.3820
5,0.3629
6,0.4025
7,0.3912
8,0.4299
9,0.3909
10,0.4338
11,0.3923
12,0.4321
13,0.3424
0,0.3128
1,0.3475
2,0.3466
3,0.3477
4,0.3435
5,0.3496
6,0.3458
7,0.3697
8,0.3564
9,0.3659
10,0.3675
11,0.3775
12,0.3742
13,0.3664
0,0.3829
1,0.4292
2,0.4246
3,0.4293
4,0.4320
5,0.4414
6,0.4392
7,0.4372
8,0.4370
9,0.4329
10,0.4296
11,0.4232
12,0.4200
13,0.3593
0,0.2769
1,0.3862
2,0.3882
3,0.3973
4,0.4012
5,0.4034
6,0.4030
7,0.4050
8,0.4031
9,0.4024
10,0.4010
11,0.4031
12,0.4024
13,0.3055
0,0.3484
1,0.0924
2,0.0978
3,0.0776
4,0.0799
5,0.0722
6,0.0838
7,0.0615
8,0.0730
9,0.0775
10,0.0703
11,0.0493
12,0.0864
13,0.2857
0,0.3778
1,0.6051
2,0.6001
3,0.6196
4,0.6056
5,0.6219
6,0.6151
7,0.6298
8,0.6176
9,0.6252
10,0.6129
11,0.6218
12,0.6103
13,0.3968
0,0.4730
1,0.4248
2,0.5381
3,0.4780
4,0.5555
5,0.4631
6,0.5554
7,0.4775
8,0.5794
9,0.4991
10,0.5477
11,0.4484
12,0.5778
13,0.5225
0,0.5430
1,0.5701
2,0.5551
3,0.5612
4,0.5499
5,0.5795
6,0.5623
7,0.5798
8,0.5621
9,0.5624
10,0.5486
11,0.5832
12,0.5600
13,0.5857
0,0.8996
1,1.0102
2,0.9201
3,0.9561
4,0.8885
5,0.9150
6,0.8524
7,0.9344
8,0.8707
9,0.9161
10,0.8323
11,0.9279
12,0.8311
13,0.8335
0,0.6683
1,0.7665
2,0.7382
3,0.8257
4,0.7068
5,0.8124
6,0.7139
7,0.8113
8,0.7439
9,0.7654
10,0.7006
11,0.7749
12,0.7163
13,0.6299
0,0.1001
1,0.0857
2,0.1705
3,0.1255
4,0.1791
5,0.1501
6,0.2005
7,0.1483
8,0.2076
9,0.1578
10,0.1936
11,0.1188
12,0.1834
13,0.1168
0,0.8446
1,0.7612
2,0.8057
3,0.7817
4,0.7828
5,0.7960
6,0.8362
7,0.7620
8,0.8842
9,0.7686
10,0.8319
11,0.7561
12,0.8706
13,0.7636
0,0.7008
1,0.6356
2,0.6483
3,0.6891
4,0.6858
5,0.6697
6,0.6853
7,0.6091
8,0.6322
9,0.6094
10,0.5817
11,0.5946
12,0.6152
13,0.5763
0,0.3041
1,0.2974
2,0.3173
3,0.3206
4,0.3584
5,0.3135
6,0.3288
7,0.2890
8,0.3199
9,0.2893
10,0.3087
11,0.3004
12,0.3477
13,0.3047
0,0.2844
1,0.3174
2,0.3468
3,0.3321
4,0.3378
5,0.3276
6,0.3543
7,0.3337
8,0.3755
9,0.3435
10,0.3986
11,0.3561
12,0.4119
13,0.3464
0,0.3937
1,0.4471
2,0.4183
3,0.4055
4,0.3929
5,0.4308
6,0.4428
7,0.4697
8,0.4479
9,0.4651
10,0.4769
11,0.5074
12,0.4966
13,0.4650
0,0.3015
1,0.3530
2,0.3781
3,0.3517
4,0.3609
5,0.3686
6,0.3975
7,0.4093
8,0.4306
9,0.4087
10,0.4367
11,0.4094
12,0.4313
13,0.3412
0,0.3240
1,0.3601
2,0.3595
3,0.3610
4,0.3608
5,0.3580
6,0.3573
7,0.3800
8,0.3748
9,0.3775
10,0.3827
11,0.3957
12,0.3909
13,0.3813
0,0.3957
1,0.4323
2,0.4326
3,0.4367
4,0.4408
5,0.4478
6,0.4498
7,0.4439
8,0.4438
9,0.4348
10,0.4316
11,0.4222
12,0.4234
13,0.3644
0,0.2622
1,0.3716
2,0.3772
3,0.3866
4,0.3925
5,0.3936
6,0.3932
7,0.3936
8,0.3907
9,0.3894
10,0.3885
11,0.3881
12,0.3875
13,0.2944
0,0.3406
1,0.0905
2,0.0964
3,0.0770
4,0.0803
5,0.0731
6,0.0845
7,0.0625
8,0.0743
9,0.0787
10,0.0714
11,0.0502
12,0.0870
13,0.2697
0,0.3635
1,0.5925
2,0.5816
3,0.5997
4,0.5854
5,0.6037
6,0.5950
7,0.6081
8,0.5950
9,0.6033
10,0.5916
11,0.6045
12,0.5881
13,0.3859
0,0.4776
1,0.4267
2,0.5297
3,0.4848
4,0.5525
5,0.4754
6,0.5574
7,0.4865
8,0.5809
9,0.5025
10,0.5433
11,0.4509
12,0.5674
13,0.5165
0,0.5383
1,0.5659
2,0.5555
3,0.5595
4,0.5577
5,0.5813
6,0.5734
7,0.5841
8,0.5750
9,0.5682
10,0.5599
11,0.5840
12,0.5721
13,0.5848
0,0.9257
1,1.0632
2,0.9414
3,0.9932
4,0.9079
5,0.9512
6,0.8919
7,0.9844
8,0.9053
9,0.9635
10,0.8806
11,0.9827
12,0.8753
13,0.8666
0,0.6590
1,0.7749
2,0.7370
3,0.7992
4,0.7066
5,0.8081
6,0.7353
7,0.8013
8,0.7451
9,0.7575
10,0.7007
11,0.7800
12,0.7099
13,0.6418
0,0.1226
1,0.1034
2,0.1802
3,0.1557
4,0.1886
5,0.1698
6,0.2079
7,0.1601
8,0.2096
9,0.1715
10,0.1927
11,0.1329
12,0.1835
13,0.1346
0,0.8510
1,0.7835
2,0.8058
3,0.8131
4,0.8170
5,0.8216
6,0.8654
7,0.7644
8,0.8855
9,0.7586
10,0.8265
11,0.7534
12,0.8615
13,0.7733
0,0.7061
1,0.6560
2,0.6512
3,0.7166
4,0.7079
5,0.7189
6,0.6982
7,0.6305
8,0.6506
9,0.6308
10,0.6099
11,0.6274
12,0.6389
13,0.6040
0,0.3023
1,0.2986
2,0.3201
3,0.3325
4,0.3678
5,0.3081
6,0.3207
7,0.3047
8,0.3244
9,0.3062
10,0.3223
11,0.3151
12,0.3572
13,0.3166
0,0.2773
1,0.3170
2,0.3483
3,0.3221
4,0.3241
5,0.3174
6,0.3566
7,0.3295
8,0.3719
9,0.3394
10,0.3976
11,0.3636
12,0.4102
13,0.3449
0,0.3831
1,0.4506
2,0.4046
3,0.3797
4,0.3824
5,0.4339
6,0.4390
7,0.4691
8,0.4397
9,0.4566
10,0.4622
11,0.5029
12,0.4819
13,0.4543
0,0.3015
1,0.3549
2,0.3664
3,0.3400
4,0.3419
5,0.3599
6,0.3987
7,0.4075
8,0.4227
9,0.4050
10,0.4195
11,0.4108
12,0.4195
13,0.3392
0,0.3253
1,0.3588
2,0.3669
3,0.3652
4,0.3649
5,0.3593
6,0.3743
7,0.3937
8,0.3946
9,0.3966
10,0.4038
11,0.4155
12,0.4191
13,0.4049
0,0.4013
1,0.4386
2,0.4398
3,0.4428
4,0.4511
5,0.4593
6,0.4601
7,0.4522
8,0.4498
9,0.4396
10,0.4327
11,0.4207
12,0.4226
13,0.3613
0,0.2460
1,0.3576
2,0.3643
3,0.3754
4,0.3802
5,0.3787
6,0.3787
7,0.3794
8,0.3761
9,0.3757
10,0.3756
11,0.3758
12,0.3743
13,0.2796
0,0.3340
1,0.0911
2,0.0969
3,0.0786
4,0.0828
5,0.0765
6,0.0878
7,0.0664
8,0.0782
9,0.0825
10,0.0753
11,0.0547
12,0.0908
13,0.2614
0,0.3440
1,0.5713
2,0.5549
3,0.5699
4,0.5559
5,0.5758
6,0.5646
7,0.5759
8,0.5618
9,0.5703
10,0.5597
11,0.5771
12,0.5560
13,0.3677
0,0.4813
1,0.4296
2,0.5249
3,0.4940
4,0.5498
5,0.4915
6,0.5594
7,0.4887
8,0.5760
9,0.4991
10,0.5386
11,0.4568
12,0.5634
13,0.5128
0,0.5329
1,0.5561
2,0.5509
3,0.5609
4,0.5651
5,0.5835
6,0.5802
7,0.5855
8,0.5839
9,0.5760
10,0.5715
11,0.5890
12,0.5832
13,0.5869
0,0.9831
1,1.1094
2,0.9985
3,1.0430
4,0.9610
5,1.0362
6,0.9655
7,1.0409
8,0.9531
9,1.0136
10,0.9314
11,1.0439
12,0.9165
13,0.9109
0,0.6720
1,0.7761
2,0.7437
3,0.7826
4,0.6941
5,0.7899
6,0.7238
7,0.7895
8,0.7142
9,0.7523
10,0.6919
11,0.7758
12,0.6732
13,0.6518
0,0.1465
1,0.1169
2,0.1836
3,0.1727
4,0.1921
5,0.1790
6,0.2007
7,0.1668
8,0.2063
9,0.1799
10,0.1926
11,0.1434
12,0.1731
13,0.1457
0,0.8525
1,0.7991
2,0.8260
3,0.8512
4,0.8558
5,0.8459
6,0.9022
7,0.7885
8,0.8796
9,0.7623
10,0.8375
11,0.7881
12,0.8516
13,0.7857
0,0.7095
1,0.6830
2,0.6643
3,0.7199
4,0.7201
5,0.7305
6,0.6910
7,0.6393
8,0.6314
9,0.6460
10,0.6122
11,0.6416
12,0.6440
13,0.5950
0,0.3113
1,0.3096
2,0.3396
3,0.3462
4,0.3701
5,0.3137
6,0.3235
7,0.3161
8,0.3255
9,0.3166
10,0.3360
11,0.3288
12,0.3635
13,0.3269
0,0.2655
1,0.3177
2,0.3405
3,0.3139
4,0.3105
5,0.3091
6,0.3608
7,0.3233
8,0.3729
9,0.3465
10,0.3904
11,0.3696
12,0.4134
13,0.3457
0,0.3644
1,0.4260
2,0.3738
3,0.3455
4,0.3562
5,0.4116
6,0.4213
7,0.4493
8,0.4225
9,0.4431
10,0.4416
11,0.4891
12,0.4724
13,0.4417
0,0.3049
1,0.3488
2,0.3620
3,0.3190
4,0.3256
5,0.3547
6,0.4019
7,0.4003
8,0.4201
9,0.3928
10,0.4055
11,0.4031
12,0.4235
13,0.3503
0,0.3314
1,0.3685
2,0.3808
3,0.3754
4,0.3775
5,0.3820
6,0.3948
7,0.4175
8,0.4184
9,0.4247
10,0.4348
11,0.4456
12,0.4423
13,0.4331
0,0.4103
1,0.4465
2,0.4502
3,0.4549
4,0.4640
5,0.4776
6,0.4807
7,0.4648
8,0.4633
9,0.4490
10,0.4399
11,0.4232
12,0.4230
13,0.3612
0,0.2289
1,0.3417
2,0.3507
3,0.3599
4,0.3606
5,0.3603
6,0.3613
7,0.3639
8,0.3605
9,0.3616
10,0.3618
11,0.3618
12,0.3594
13,0.2622
0,0.3249
1,0.0999
2,0.1047
3,0.0871
4,0.0910
5,0.0863
6,0.0976
7,0.0772
8,0.0882
9,0.0918
10,0.0844
11,0.0658
12,0.0963
13,0.2871
0,0.3195
1,0.5383
2,0.5183
3,0.5285
4,0.5150
5,0.5347
6,0.5208
7,0.5296
8,0.5150
9,0.5227
10,0.5134
11,0.5354
12,0.5130
13,0.3478
0,0.4851
1,0.4349
2,0.5317
3,0.5066
4,0.5531
5,0.5113
6,0.5603
7,0.4858
8,0.5714
9,0.5003
10,0.5495
11,0.4779
12,0.5743
13,0.5063
0,0.5316
1,0.5476
2,0.5457
3,0.5614
4,0.5721
5,0.5875
6,0.5866
7,0.5895
8,0.5889
9,0.5832
10,0.5789
11,0.5968
12,0.5867
13,0.5914
0,1.0332
1,1.1335
2,1.0467
3,1.0936
4,1.0087
5,1.0940
6,1.0023
7,1.0700
8,0.9822
9,1.0417
10,0.9672
11,1.0733
12,0.9523
13,0.9541
0,0.6804
1,0.7722
2,0.7451
3,0.7750
4,0.7055
5,0.7667
6,0.7253
7,0.7700
8,0.7184
9,0.7431
10,0.6926
11,0.7772
12,0.6723
13,0.6623
0,0.1484
1,0.1306
2,0.1758
3,0.1750
4,0.1864
5,0.1799
6,0.1721
7,0.1646
8,0.1760
9,0.1778
10,0.1806
11,0.1501
12,0.1500
13,0.1500
0,0.8673
1,0.8350
2,0.8542
3,0.8869
4,0.9059
5,0.8933
6,0.9141
7,0.8378
8,0.8989
9,0.8166
10,0.8708
11,0.8528
12,0.8574
13,0.8240
0,0.7070
1,0.6968
2,0.6644
3,0.7043
4,0.7194
5,0.7093
6,0.6578
7,0.6299
8,0.6190
9,0.6503
10,0.6124
11,0.6534
12,0.6341
13,0.5751
0,0.3209
1,0.3239
2,0.3521
3,0.3530
4,0.3704
5,0.3173
6,0.3235
7,0.3219
8,0.3355
9,0.3233
10,0.3525
11,0.3385
12,0.3679
13,0.3371
0,0.2537
1,0.3196
2,0.3215
3,0.3088
4,0.3000
5,0.3013
6,0.3488
7,0.3099
8,0.3746
9,0.3379
10,0.3797
11,0.3670
12,0.4039
13,0.3461
0,0.3587
1,0.4029
2,0.3452
3,0.3249
4,0.3447
5,0.3852
6,0.3918
7,0.4367
8,0.4133
9,0.4396
10,0.4242
11,0.4747
12,0.4548
13,0.4350
0,0.3114
1,0.3523
2,0.3472
3,0.3170
4,0.3215
5,0.3510
6,0.3919
7,0.3950
8,0.4125
9,0.3855
10,0.4101
11,0.4016
12,0.4253
13,0.3411
0,0.3397
1,0.3746
2,0.3778
3,0.3816
4,0.3825
5,0.3892
6,0.4023
7,0.4264
8,0.4281
9,0.4394
10,0.4468
11,0.4571
12,0.4560
13,0.4414
0,0.4144
1,0.4509
2,0.4593
3,0.4595
4,0.4710
5,0.4880
6,0.4930
7,0.4760
8,0.4729
9,0.4566
10,0.4498
11,0.4318
12,0.4350
13,0.3655
0,0.2119
1,0.3241
2,0.3351
3,0.3419
4,0.3412
5,0.3395
6,0.3406
7,0.3435
8,0.3402
9,0.3417
10,0.3443
11,0.3451
12,0.3426
13,0.2433
0,0.3221
1,0.1164
2,0.1215
3,0.1053
4,0.1076
5,0.1054
6,0.1160
7,0.0969
8,0.1062
9,0.1091
10,0.1022
11,0.0870
12,0.1145
13,0.2912
0,0.2828
1,0.4863
2,0.4636
3,0.4653
4,0.4517
5,0.4663
6,0.4525
7,0.4580
8,0.4459
9,0.4533
10,0.4463
11,0.4725
12,0.4568
13,0.3146
0,0.4808
1,0.4268
2,0.5247
3,0.5148
4,0.5513
5,0.5180
6,0.5453
7,0.4695
8,0.5632
9,0.4975
10,0.5568
11,0.4784
12,0.5738
13,0.5084
0,0.5381
1,0.5499
2,0.5472
3,0.5697
4,0.5843
5,0.5980
6,0.5978
7,0.6016
8,0.5947
9,0.5961
10,0.5879
11,0.6068
12,0.5911
13,0.5967
0,1.0341
1,1.1211
2,1.0526
3,1.0990
4,1.0048
5,1.0967
6,1.0113
7,1.0459
8,0.9876
9,1.0531
10,0.9752
11,1.0730
12,0.9875
13,0.9554
0,0.6894
1,0.7677
2,0.7331
3,0.7632
4,0.7228
5,0.7664
6,0.7492
7,0.7646
8,0.7473
9,0.7464
10,0.7033
11,0.7795
12,0.6818
13,0.6613
0,0.1364
1,0.1338
2,0.1643
3,0.1637
4,0.1662
5,0.1684
6,0.1348
7,0.1606
8,0.1401
9,0.1655
10,0.1469
11,0.1471
12,0.1172
13,0.1456
0,0.8902
1,0.8619
2,0.8687
3,0.9141
4,0.9329
5,0.9258
6,0.9232
7,0.8797
8,0.9161
9,0.8618
10,0.9166
11,0.8917
12,0.8806
13,0.8625
0,0.6888
1,0.7019
2,0.6622
3,0.6671
4,0.7001
5,0.6899
6,0.6230
7,0.6268
8,0.6072
9,0.6539
10,0.5938
11,0.6369
12,0.6143
13,0.5499
0,0.3297
1,0.3375
2,0.3628
3,0.3547
4,0.3743
5,0.3327
6,0.3356
7,0.3417
8,0.3497
9,0.3356
10,0.3736
11,0.3618
12,0.3757
13,0.3452
0,0.2544
1,0.3291
2,0.3164
3,0.3128
4,0.2961
5,0.2970
6,0.3392
7,0.3052
8,0.3675
9,0.3293
10,0.3716
11,0.3586
12,0.3877
13,0.3417
0,0.3434
1,0.3967
2,0.3281
3,0.3157
4,0.3508
5,0.3628
6,0.3813
7,0.4304
8,0.3961
9,0.4355
10,0.4121
11,0.4566
12,0.4336
13,0.4188
0,0.3142
1,0.3568
2,0.3498
3,0.3252
4,0.3182
5,0.3433
6,0.3848
7,0.3891
8,0.4100
9,0.3796
10,0.4145
11,0.3896
12,0.4170
13,0.3353
0,0.3523
1,0.3863
2,0.3845
3,0.3899
4,0.3900
5,0.3971
6,0.4111
7,0.4294
8,0.4364
9,0.4462
10,0.4557
11,0.4617
12,0.4647
13,0.4468
0,0.4162
1,0.4554
2,0.4649
3,0.4639
4,0.4755
5,0.4984
6,0.5044
7,0.4877
8,0.4823
9,0.4665
10,0.4574
11,0.4422
12,0.4428
13,0.3742
0,0.1868
1,0.2966
2,0.3107
3,0.3177
4,0.3166
5,0.3108
6,0.3115
7,0.3157
8,0.3136
9,0.3156
10,0.3196
11,0.3206
12,0.3193
13,0.2217
0,0.3061
1,0.1409
2,0.1464
3,0.1310
4,0.1312
5,0.1309
6,0.1401
7,0.1233
8,0.1310
9,0.1330
10,0.1275
11,0.1162
12,0.1400
13,0.2886
0,0.2527
1,0.4114
2,0.3885
3,0.3816
4,0.3689
5,0.3761
6,0.3651
7,0.3700
8,0.3619
9,0.3714
10,0.3675
11,0.3953
12,0.3905
13,0.2768
0,0.4759
1,0.4136
2,0.5188
3,0.5146
4,0.5491
5,0.5154
6,0.5323
7,0.4577
8,0.5601
9,0.4889
10,0.5560
11,0.4631
12,0.5605
13,0.5087
0,0.5573
1,0.5583
2,0.5590
3,0.5856
4,0.6053
5,0.6195
6,0.6164
7,0.6209
8,0.6100
9,0.6147
10,0.6037
11,0.6234
12,0.6035
13,0.6131
0,1.0387
1,1.1061
2,1.0695
3,1.0876
4,1.0082
5,1.0831
6,1.0093
7,1.0242
8,0.9926
9,1.0529
10,0.9915
11,1.0729
12,1.0148
13,0.9597
0,0.6856
1,0.7501
2,0.7132
3,0.7410
4,0.7072
5,0.7481
6,0.7447
7,0.7566
8,0.7548
9,0.7379
10,0.7082
11,0.7602
12,0.6799
13,0.6557
0,0.1179
1,0.1242
2,0.1396
3,0.1334
4,0.1414
5,0.1413
6,0.1078
7,0.1478
8,0.1130
9,0.1536
10,0.1168
11,0.1382
12,0.0873
13,0.1347
0,0.9059
1,0.8706
2,0.8762
3,0.9426
4,0.9502
5,0.9603
6,0.9473
7,0.9261
8,0.9346
9,0.9034
10,0.9416
11,0.9205
12,0.9071
13,0.9048
0,0.6709
1,0.6998
2,0.6520
3,0.6491
4,0.6819
5,0.6787
6,0.6002
7,0.6340
8,0.6071
9,0.6499
10,0.5959
11,0.6165
12,0.5998
13,0.5373
0,0.3439
1,0.3475
2,0.3665
3,0.3589
4,0.3760
5,0.3480
6,0.3530
7,0.3508
8,0.3623
9,0.3483
10,0.3820
11,0.3679
12,0.3872
13,0.3489
0,0.2521
1,0.3262
2,0.3130
3,0.3073
4,0.2941
5,0.2842
6,0.3256
7,0.3017
8,0.3558
9,0.3190
10,0.3629
11,0.3464
12,0.3774
13,0.3365
0,0.3247
1,0.3852
2,0.3131
3,0.3010
4,0.3499
5,0.3503
6,0.3782
7,0.4268
8,0.3905
9,0.4281
10,0.3985
11,0.4457
12,0.4166
13,0.4040
0,0.3138
1,0.3574
2,0.3575
3,0.3334
4,0.3166
5,0.3444
6,0.3865
7,0.3822
8,0.4039
9,0.3736
10,0.4067
11,0.3769
12,0.4068
13,0.3233
0,0.3665
1,0.3944
2,0.3933
3,0.3948
4,0.3978
5,0.4037
6,0.4147
7,0.4305
8,0.4368
9,0.4499
10,0.4586
11,0.4634
12,0.4726
13,0.4497
0,0.4210
1,0.4623
2,0.4716
3,0.4688
4,0.4796
5,0.5065
6,0.5133
7,0.4987
8,0.4918
9,0.4751
10,0.4661
11,0.4511
12,0.4493
13,0.3804
0,0.1572
1,0.2613
2,0.2782
3,0.2866
4,0.2871
5,0.2788
6,0.2790
7,0.2834
8,0.2813
9,0.2843
10,0.2884
11,0.2900
12,0.2903
13,0.1988
0,0.2748
1,0.1750
2,0.1813
3,0.1662
4,0.1655
5,0.1661
6,0.1739
7,0.1600
8,0.1661
9,0.1673
10,0.1639
11,0.1564
12,0.1750
13,0.2771
0,0.2164
1,0.3295
2,0.3124
3,0.3000
4,0.2858
5,0.2904
6,0.2862
7,0.2921
8,0.2883
9,0.2985
10,0.2994
11,0.3247
12,0.3284
13,0.2445
0,0.4662
1,0.4001
2,0.5124
3,0.5128
4,0.5487
5,0.5136
6,0.5308
7,0.4492
8,0.5578
9,0.4740
10,0.5516
11,0.4411
12,0.5453
13,0.5111
0,0.5846
1,0.5747
2,0.5812
3,0.6096
4,0.6350
5,0.6463
6,0.6383
7,0.6435
8,0.6285
9,0.6381
10,0.6226
11,0.6426
12,0.6203
13,0.6370
0,1.0593
1,1.1221
2,1.0908
3,1.0940
4,1.0257
5,1.0837
6,1.0431
7,1.0465
8,1.0228
9,1.0716
10,1.0262
11,1.0751
12,1.0441
13,0.9868
0,0.6744
1,0.7383
2,0.6939
3,0.7154
4,0.6754
5,0.7060
6,0.7275
7,0.7407
8,0.7307
9,0.7239
10,0.6974
11,0.7439
12,0.6691
13,0.6494
0,0.1029
1,0.1057
2,0.1089
3,0.1042
4,0.1164
5,0.1097
6,0.0927
7,0.1360
8,0.0906
9,0.1433
10,0.0944
11,0.1277
12,0.0691
13,0.1218
0,0.9258
1,0.8777
2,0.8917
3,0.9622
4,0.9709
5,0.9901
6,0.9722
7,0.9441
8,0.9559
9,0.9352
10,0.9594
11,0.9385
12,0.9373
13,0.9463
0,0.6626
1,0.6950
2,0.6514
3,0.6403
4,0.6629
5,0.6630
6,0.5954
7,0.6224
8,0.6157
9,0.6369
10,0.5984
11,0.5866
12,0.5903
13,0.5339
0,0.3531
1,0.3581
2,0.3684
3,0.3584
4,0.3823
5,0.3635
6,0.3693
7,0.3554
8,0.3782
9,0.3618
10,0.3978
11,0.3741
12,0.4014
13,0.3562
0,0.2517
1,0.3223
2,0.3151
3,0.3076
4,0.2920
5,0.2770
6,0.3143
7,0.2938
8,0.3504
9,0.3162
10,0.3587
11,0.3393
12,0.3719
13,0.3336
0,0.3212
1,0.3713
2,0.2936
3,0.2893
4,0.3404
5,0.3352
6,0.3660
7,0.4123
8,0.3894
9,0.4236
10,0.3863
11,0.4309
12,0.3992
13,0.3902
0,0.3116
1,0.3585
2,0.3603
3,0.3335
4,0.3123
5,0.3448
6,0.3818
7,0.3687
8,0.3937
9,0.3654
10,0.3967
11,0.3622
12,0.3922
13,0.3144
0,0.3754
1,0.4014
2,0.4024
3,0.3991
4,0.4011
5,0.4100
6,0.4184
7,0.4306
8,0.4406
9,0.4513
10,0.4605
11,0.4621
12,0.4798
13,0.4494
0,0.4319
1,0.4729
2,0.4803
3,0.4764
4,0.4874
5,0.5149
6,0.5217
7,0.5106
8,0.5008
9,0.4845
10,0.4752
11,0.4596
12,0.4579
13,0.3891
0,0.1299
1,0.2253
2,0.2435
3,0.2547
4,0.2584
5,0.2489
6,0.2487
7,0.2535
8,0.2497
9,0.2536
10,0.2568
11,0.2601
12,0.2613
13,0.1744
0,0.2726
1,0.2196
2,0.2263
3,0.2109
4,0.2098
5,0.2111
6,0.2180
7,0.2064
8,0.2109
9,0.2118
10,0.2104
11,0.2060
12,0.2201
13,0.2848
0,0.1828
1,0.2574
2,0.2471
3,0.2344
4,0.2197
5,0.2270
6,0.2297
7,0.2360
8,0.2351
9,0.2428
10,0.2479
11,0.2670
12,0.2756
13,0.2100
0,0.4594
1,0.4026
2,0.5112
3,0.5119
4,0.5494
5,0.5188
6,0.5431
7,0.4477
8,0.5689
9,0.4687
10,0.5631
11,0.4249
12,0.5457
13,0.5196
0,0.6180
1,0.5953
2,0.6096
3,0.6382
4,0.6692
5,0.6752
6,0.6618
7,0.6687
8,0.6489
9,0.6625
10,0.6449
11,0.6621
12,0.6377
13,0.6620
0,1.0746
1,1.1197
2,1.1045
3,1.1022
4,1.0494
5,1.0996
6,1.0648
7,1.0570
8,1.0521
9,1.0742
10,1.0581
11,1.0814
12,1.0679
13,1.0150
0,0.6651
1,0.7159
2,0.6703
3,0.6900
4,0.6630
5,0.6763
6,0.7026
7,0.7299
8,0.6988
9,0.7071
10,0.6706
11,0.7341
12,0.6501
13,0.6460
0,0.0946
1,0.0968
2,0.0995
3,0.0948
4,0.1040
5,0.0916
6,0.0820
7,0.1278
8,0.0793
9,0.1364
10,0.0769
11,0.1187
12,0.0633
13,0.1106
0,0.9507
1,0.8762
2,0.9133
3,0.9769
4,0.9941
5,1.0203
6,0.9893
7,0.9513
8,0.9790
9,0.9589
10,0.9883
11,0.9500
12,0.9738
13,0.9885
0,0.6591
1,0.6820
2,0.6426
3,0.6385
4,0.6499
5,0.6504
6,0.6036
7,0.6118
8,0.6233
9,0.6260
10,0.6067
11,0.5721
12,0.5861
13,0.5293
0,0.3576
1,0.3640
2,0.3695
3,0.3556
4,0.3842
5,0.3686
6,0.3741
7,0.3510
8,0.3821
9,0.3646
10,0.4021
11,0.3746
12,0.4015
13,0.3618
0,0.2517
1,0.3188
2,0.3179
3,0.3090
4,0.2890
5,0.2733
6,0.3097
7,0.2909
8,0.3513
9,0.3191
10,0.3635
11,0.3369
12,0.3713
13,0.3352
0,0.3173
1,0.3548
2,0.2787
3,0.2789
4,0.3245
5,0.3236
6,0.3524
7,0.3944
8,0.3817
9,0.4101
10,0.3757
11,0.4141
12,0.3796
13,0.3804
0,0.3082
1,0.3603
2,0.3593
3,0.3340
4,0.3156
5,0.3468
6,0.3723
7,0.3581
8,0.3815
9,0.3589
10,0.3878
11,0.3536
12,0.3835
13,0.3167
0,0.3793
1,0.4065
2,0.4094
3,0.4036
4,0.4029
5,0.4097
6,0.4169
7,0.4300
8,0.4395
9,0.4518
10,0.4596
11,0.4631
12,0.4785
13,0.4484
0,0.4401
1,0.4858
2,0.4899
3,0.4839
4,0.4965
5,0.5265
6,0.5330
7,0.5233
8,0.5129
9,0.4968
10,0.4882
11,0.4718
12,0.4691
13,0.3939
0,0.1131
1,0.1968
2,0.2188
3,0.2336
4,0.2387
5,0.2278
6,0.2269
7,0.2320
8,0.2262
9,0.2305
10,0.2327
11,0.2372
12,0.2382
13,0.1543
0,0.2871
1,0.2531
2,0.2608
3,0.2456
4,0.2445
5,0.2463
6,0.2528
7,0.2427
8,0.2463
9,0.2473
10,0.2471
11,0.2446
12,0.2559
13,0.3076
0,0.1601
1,0.2100
2,0.2055
3,0.1936
4,0.1820
5,0.1925
6,0.1986
7,0.2018
8,0.2029
9,0.2065
10,0.2142
11,0.2271
12,0.2393
13,0.1892
0,0.4565
1,0.4262
2,0.5117
3,0.5198
4,0.5541
5,0.5314
6,0.5549
7,0.4512
8,0.5779
9,0.4730
10,0.5723
11,0.4198
12,0.5510
13,0.5312
0,0.6505
1,0.6172
2,0.6375
3,0.6667
4,0.6996
5,0.7065
6,0.6902
7,0.6967
8,0.6729
9,0.6884
10,0.6691
11,0.6845
12,0.6589
13,0.6842
0,1.0717
1,1.1061
2,1.1011
3,1.1051
4,1.0670
5,1.1061
6,1.0675
7,1.0441
8,1.0681
9,1.0627
10,1.0683
11,1.0767
12,1.0777
13,1.0271
0,0.6571
1,0.6890
2,0.6512
3,0.6786
4,0.6621
5,0.6630
6,0.6880
7,0.7287
8,0.6836
9,0.7058
10,0.6632
11,0.7239
12,0.6474
13,0.6528
0,0.0903
1,0.0936
2,0.0995
3,0.0960
4,0.1019
5,0.0857
6,0.0772
7,0.1239
8,0.0741
9,0.1280
10,0.0731
11,0.1157
12,0.0635
13,0.0984
0,0.9787
1,0.8825
2,0.9402
3,0.9921
4,1.0135
5,1.0453
6,1.0154
7,0.9632
8,1.0178
9,0.9933
10,1.0380
11,0.9700
12,1.0226
13,1.0320
0,0.6517
1,0.6678
2,0.6348
3,0.6368
4,0.6396
5,0.6420
6,0.6202
7,0.6134
8,0.6316
9,0.6200
10,0.6196
11,0.5686
12,0.5899
13,0.5272
0,0.3560
1,0.3647
2,0.3648
3,0.3512
4,0.3798
5,0.3675
6,0.3770
7,0.3525
8,0.3829
9,0.3758
10,0.3986
11,0.3743
12,0.3974
13,0.3690
0,0.2566
1,0.3148
2,0.3222
3,0.3091
4,0.2859
5,0.2728
6,0.3100
7,0.2976
8,0.3567
9,0.3305
10,0.3720
11,0.3402
12,0.3777
13,0.3389
0,0.3172
1,0.3406
2,0.2693
3,0.2712
4,0.3103
5,0.3179
6,0.3470
7,0.3742
8,0.3707
9,0.3840
10,0.3644
11,0.3918
12,0.3654
13,0.3758
0,0.3034
1,0.3665
2,0.3595
3,0.3379
4,0.3225
5,0.3537
6,0.3702
7,0.3524
8,0.3801
9,0.3596
10,0.3898
11,0.3537
12,0.3866
13,0.3199
0,0.3783
1,0.4094
2,0.4138
3,0.4060
4,0.4014
5,0.4040
6,0.4119
7,0.4233
8,0.4376
9,0.4478
10,0.4557
11,0.4623
12,0.4745
13,0.4454
0,0.4465
1,0.5000
2,0.5013
3,0.4929
4,0.5063
5,0.5408
6,0.5468
7,0.5390
8,0.5282
9,0.5127
10,0.5032
11,0.4874
12,0.4838
13,0.3987
0,0.1081
1,0.1853
2,0.2147
3,0.2330
4,0.2390
5,0.2237
6,0.2212
7,0.2253
8,0.2184
9,0.2221
10,0.2234
11,0.2282
12,0.2263
13,0.1472
0,0.3115
1,0.2751
2,0.2834
3,0.2686
4,0.2673
5,0.2695
6,0.2758
7,0.2667
8,0.2696
9,0.2709
10,0.2715
11,0.2702
12,0.2801
13,0.3359
0,0.1457
1,0.1857
2,0.1848
3,0.1740
4,0.1645
5,0.1763
6,0.1830
7,0.1825
8,0.1850
9,0.1862
10,0.1955
11,0.2050
12,0.2194
13,0.1782
0,0.4563
1,0.4644
2,0.5151
3,0.5364
4,0.5628
5,0.5492
6,0.5523
7,0.4720
8,0.5694
9,0.4930
10,0.5637
11,0.4408
12,0.5482
13,0.5373
0,0.6788
1,0.6411
2,0.6601
3,0.6912
4,0.7209
5,0.7357
6,0.7234
7,0.7168
8,0.7033
9,0.7086
10,0.6956
11,0.7005
12,0.6844
13,0.7037
0,1.0533
1,1.0801
2,1.0744
3,1.0915
4,1.0656
5,1.0895
6,1.0394
7,1.0068
8,1.0433
9,1.0267
10,1.0373
11,1.0358
12,1.0545
13,1.0115
0,0.6577
1,0.6656
2,0.6398
3,0.6714
4,0.6593
5,0.6565
6,0.6904
7,0.7280
8,0.6999
9,0.7193
10,0.6869
11,0.7209
12,0.6571
13,0.6657
0,0.0880
1,0.0865
2,0.1015
3,0.0972
4,0.1022
5,0.0823
6,0.0800
7,0.1157
8,0.0797
9,0.1124
10,0.0813
11,0.1152
12,0.0704
13,0.0924
0,0.9991
1,0.9315
2,0.9711
3,1.0118
4,1.0348
5,1.0684
6,1.0487
7,1.0093
8,1.0742
9,1.0645
10,1.0993
11,1.0205
12,1.0857
13,1.0683
0,0.6443
1,0.6511
2,0.6314
3,0.6332
4,0.6270
5,0.6322
6,0.6283
7,0.6282
8,0.6501
9,0.6271
10,0.6322
11,0.5796
12,0.5972
13,0.5358
0,0.3461
1,0.3614
2,0.3553
3,0.3450
4,0.3703
5,0.3592
6,0.3729
7,0.3567
8,0.3808
9,0.3858
10,0.3901
11,0.3728
12,0.3903
13,0.3727
0,0.2664
1,0.3181
2,0.3264
3,0.3086
4,0.2834
5,0.2772
6,0.3106
7,0.3160
8,0.3607
9,0.3560
10,0.3760
11,0.3532
12,0.3813
13,0.3397
0,0.3244
1,0.3310
2,0.2692
3,0.2681
4,0.3009
5,0.3166
6,0.3449
7,0.3563
8,0.3605
9,0.3623
10,0.3577
11,0.3664
12,0.3572
13,0.3771
0,0.2997
1,0.3803
2,0.3640
3,0.3453
4,0.3293
5,0.3608
6,0.3753
7,0.3664
8,0.3844
9,0.3810
10,0.3936
11,0.3724
12,0.3932
13,0.3192
0,0.3752
1,0.4118
2,0.4145
3,0.4035
4,0.3974
5,0.3978
6,0.4046
7,0.4180
8,0.4319
9,0.4464
10,0.4525
11,0.4609
12,0.4704
13,0.4410
0,0.4539
1,0.5211
2,0.5157
3,0.5065
4,0.5187
5,0.5576
6,0.5648
7,0.5589
8,0.5455
9,0.5337
10,0.5223
11,0.5091
12,0.5013
13,0.4077
0,0.1212
1,0.1961
2,0.2337
3,0.2595
4,0.2681
5,0.2482
6,0.2370
7,0.2382
8,0.2312
9,0.2321
10,0.2336
11,0.2364
12,0.2337
13,0.1576
0,0.3382
1,0.2889
2,0.2977
3,0.2833
4,0.2817
5,0.2842
6,0.2905
7,0.2822
8,0.2848
9,0.2863
10,0.2875
11,0.2870
12,0.2962
13,0.3582
0,0.1379
1,0.1757
2,0.1769
3,0.1670
4,0.1580
5,0.1695
6,0.1758
7,0.1737
8,0.1768
9,0.1774
10,0.1875
11,0.1954
12,0.2104
13,0.1704
0,0.4658
1,0.5042
2,0.5286
3,0.5549
4,0.5732
5,0.5656
6,0.5483
7,0.5084
8,0.5567
9,0.5219
10,0.5525
11,0.4862
12,0.5469
13,0.5387
0,0.6953
1,0.6625
2,0.6723
3,0.7047
4,0.7296
5,0.7512
6,0.7463
7,0.7244
8,0.7267
9,0.7225
10,0.7154
11,0.7056
12,0.7021
13,0.7154
0,1.0181
1,1.0487
2,1.0371
3,1.0625
4,1.0466
5,1.0576
6,0.9902
7,0.9667
8,0.9877
9,0.9856
10,0.9793
11,0.9710
12,1.0093
13,0.9744
0,0.6556
1,0.6492
2,0.6330
3,0.6626
4,0.6507
5,0.6530
6,0.6992
7,0.7262
8,0.7232
9,0.7245
10,0.7138
11,0.7249
12,0.6663
13,0.6685
0,0.0802
1,0.0795
2,0.1012
3,0.0964
4,0.1005
5,0.0803
6,0.0853
7,0.0952
8,0.0907
9,0.0980
10,0.0931
11,0.1030
12,0.0777
13,0.0889
0,1.0359
1,0.9915
2,1.0088
3,1.0383
4,1.0561
5,1.0914
6,1.0937
7,1.1004
8,1.1306
9,1.1454
10,1.1545
11,1.1309
12,1.1501
13,1.0986
0,0.6381
1,0.6266
2,0.6206
3,0.6192
4,0.6158
5,0.6227
6,0.6321
7,0.6524
8,0.6659
9,0.6461
10,0.6411
11,0.6163
12,0.6051
13,0.5424
0,0.3339
1,0.3518
2,0.3416
3,0.3368
4,0.3585
5,0.3504
6,0.3623
7,0.3580
8,0.3751
9,0.3778
10,0.3801
11,0.3748
12,0.3801
13,0.3717
0,0.2771
1,0.3254
2,0.3307
3,0.3082
4,0.2809
5,0.2812
6,0.3137
7,0.3396
8,0.3612
9,0.3690
10,0.3752
11,0.3765
12,0.3795
13,0.3361
0,0.3322
1,0.3294
2,0.2753
3,0.2708
4,0.2953
5,0.3176
6,0.3471
7,0.3514
8,0.3626
9,0.3609
10,0.3603
11,0.3558
12,0.3565
13,0.3850
0,0.3004
1,0.3921
2,0.3733
3,0.3514
4,0.3330
5,0.3648
6,0.3821
7,0.3881
8,0.3937
9,0.3982
10,0.3999
11,0.3989
12,0.4015
13,0.3152
0,0.3733
1,0.4093
2,0.4161
3,0.4049
4,0.3909
5,0.3898
6,0.3978
7,0.4135
8,0.4271
9,0.4396
10,0.4491
11,0.4595
12,0.4670
13,0.4356
0,0.4638
1,0.5454
2,0.5352
3,0.5241
4,0.5342
5,0.5748
6,0.5846
7,0.5778
8,0.5659
9,0.5540
10,0.5426
11,0.5326
12,0.5219
13,0.4209
0,0.1629
1,0.2354
2,0.2832
3,0.3239
4,0.3327
5,0.3095
6,0.2812
7,0.2752
8,0.2701
9,0.2683
10,0.2691
11,0.2686
12,0.2651
13,0.1938
0,0.3625
1,0.2981
2,0.3072
3,0.2933
4,0.2915
5,0.2944
6,0.3007
7,0.2930
8,0.2954
9,0.2971
10,0.2989
11,0.2991
12,0.3078
13,0.3740
0,0.1365
1,0.1740
2,0.1772
3,0.1680
4,0.1592
5,0.1695
6,0.1755
7,0.1730
8,0.1765
9,0.1768
10,0.1874
11,0.1941
12,0.2087
13,0.1670
0,0.4811
1,0.5337
2,0.5459
3,0.5683
4,0.5783
5,0.5725
6,0.5510
7,0.5369
8,0.5554
9,0.5463
10,0.5547
11,0.5240
12,0.5538
13,0.5441
0,0.6972
1,0.6745
2,0.6733
3,0.7034
4,0.7222
5,0.7446
6,0.7491
7,0.7263
8,0.7316
9,0.7274
10,0.7195
11,0.7085
12,0.7045
13,0.7138
0,0.9748
1,1.0164
2,1.0032
3,1.0306
4,1.0285
5,1.0280
6,0.9629
7,0.9496
8,0.9614
9,0.9681
10,0.9547
11,0.9544
12,0.9886
13,0.9436
0,0.6467
1,0.6336
2,0.6256
3,0.6512
4,0.6372
5,0.6473
6,0.6960
7,0.7226
8,0.7235
9,0.7211
10,0.7162
11,0.7199
12,0.6628
13,0.6601
0,0.0743
1,0.0781
2,0.1004
3,0.0953
4,0.0982
5,0.0814
6,0.0876
7,0.0909
8,0.0924
9,0.0948
10,0.0949
11,0.0975
12,0.0803
13,0.0845
0,1.0682
1,1.0335
2,1.0369
3,1.0570
4,1.0746
5,1.1096
6,1.1284
7,1.1503
8,1.1734
9,1.1886
10,1.1927
11,1.1874
12,1.1916
13,1.1200
0,0.6342
1,0.5919
2,0.5997
3,0.5985
4,0.6065
5,0.6188
6,0.6370
7,0.6674
8,0.6779
9,0.6655
10,0.6553
11,0.6427
12,0.6182
13,0.5500
0,0.3256
1,0.3390
2,0.3289
3,0.3264
4,0.3453
5,0.3485
6,0.3584
7,0.3631
8,0.3755
9,0.3800
10,0.3802
11,0.3791
12,0.3798
13,0.3774
0,0.2831
1,0.3260
2,0.3314
3,0.3071
4,0.2783
5,0.2839
6,0.3183
7,0.3468
8,0.3607
9,0.3700
10,0.3744
11,0.3794
12,0.3753
13,0.3312
0,0.3346
1,0.3302
2,0.2832
3,0.2774
4,0.2931
5,0.3222
6,0.3550
7,0.3600
8,0.3714
9,0.3684
10,0.3695
11,0.3632
12,0.3606
13,0.3912
0,0.2983
1,0.3995
2,0.3797
3,0.3533
4,0.3325
5,0.3650
6,0.3881
7,0.3979
8,0.4023
9,0.4082
10,0.4076
11,0.4095
12,0.4091
13,0.3087
0,0.3731
1,0.4075
2,0.4172
3,0.4067
4,0.3861
5,0.3841
6,0.3933
7,0.4075
8,0.4217
9,0.4343
10,0.4446
11,0.4538
12,0.4617
13,0.4317
0,0.4747
1,0.5686
2,0.5566
3,0.5443
4,0.5523
5,0.5928
6,0.6031
7,0.5964
8,0.5852
9,0.5739
10,0.5634
11,0.5555
12,0.5443
13,0.4373
0,0.2415
1,0.3124
2,0.3641
3,0.4156
4,0.4250
5,0.4032
6,0.3528
7,0.3385
8,0.3321
9,0.3292
10,0.3248
11,0.3226
12,0.3201
13,0.2661
0,0.3796
1,0.3032
2,0.3125
3,0.2992
4,0.2972
5,0.3004
6,0.3068
7,0.2994
8,0.3017
9,0.3037
10,0.3059
11,0.3066
12,0.3147
13,0.3804
0,0.1417
1,0.1789
2,0.1845
3,0.1759
4,0.1671
5,0.1763
6,0.1825
7,0.1802
8,0.1842
9,0.1844
10,0.1952
11,0.2006
12,0.2135
13,0.1709
0,0.4932
1,0.5508
2,0.5573
3,0.5736
4,0.5755
5,0.5694
6,0.5521
7,0.5481
8,0.5573
9,0.5581
10,0.5601
11,0.5433
12,0.5603
13,0.5502
0,0.6888
1,0.6757
2,0.6659
3,0.6915
4,0.7035
5,0.7240
6,0.7388
7,0.7204
8,0.7248
9,0.7220
10,0.7135
11,0.7035
12,0.6972
13,0.7022
0,0.9197
1,0.9797
2,0.9689
3,0.9964
4,1.0106
5,1.0029
6,0.9477
7,0.9379
8,0.9488
9,0.9543
10,0.9414
11,0.9403
12,0.9722
13,0.9081
0,0.6291
1,0.6105
2,0.6078
3,0.6289
4,0.6181
5,0.6344
6,0.6858
7,0.7138
8,0.7137
9,0.7084
10,0.7032
11,0.7041
12,0.6484
13,0.6447
0,0.0728
1,0.0832
2,0.1016
3,0.0954
4,0.0968
5,0.0865
6,0.0921
7,0.0934
8,0.0952
9,0.0971
10,0.0967
11,0.0982
12,0.0841
13,0.0832
0,1.0873
1,1.0540
2,1.0490
3,1.0622
4,1.0882
5,1.1150
6,1.1390
7,1.1664
8,1.1865
9,1.1987
10,1.2019
11,1.2012
12,1.2057
13,1.1283
0,0.6307
1,0.5675
2,0.5764
3,0.5770
4,0.5987
5,0.6174
6,0.6348
7,0.6678
8,0.6816
9,0.6744
10,0.6644
11,0.6566
12,0.6304
13,0.5574
0,0.3226
1,0.3245
2,0.3175
3,0.3151
4,0.3285
5,0.3461
6,0.3583
7,0.3670
8,0.3743
9,0.3825
10,0.3816
11,0.3829
12,0.3816
13,0.3850
0,0.2853
1,0.3259
2,0.3298
3,0.3065
4,0.2776
5,0.2860
6,0.3201
7,0.3429
8,0.3530
9,0.3615
10,0.3660
11,0.3708
12,0.3662
13,0.3254
0,0.3329
1,0.3299
2,0.2917
3,0.2829
4,0.2914
5,0.3272
6,0.3612
7,0.3673
8,0.3755
9,0.3731
10,0.3750
11,0.3704
12,0.3638
13,0.3888
0,0.2883
1,0.4023
2,0.3816
3,0.3516
4,0.3285
5,0.3603
6,0.3870
7,0.3979
8,0.4026
9,0.4078
10,0.4073
11,0.4092
12,0.4079
13,0.2950
0,0.3742
1,0.4085
2,0.4199
3,0.4091
4,0.3817
5,0.3763
6,0.3864
7,0.3988
8,0.4117
9,0.4236
10,0.4336
11,0.4408
12,0.4512
13,0.4250
0,0.4869
1,0.5885
2,0.5770
3,0.5645
4,0.5697
5,0.6051
6,0.6135
7,0.6071
8,0.5977
9,0.5881
10,0.5798
11,0.5748
12,0.5646
13,0.4555
0,0.3487
1,0.4111
2,0.4504
3,0.4944
4,0.5052
5,0.4930
6,0.4312
7,0.4134
8,0.4057
9,0.4020
10,0.3935
11,0.3879
12,0.3904
13,0.3755
0,0.3866
1,0.3039
2,0.3137
3,0.3011
4,0.2991
5,0.3023
6,0.3089
7,0.3017
8,0.3040
9,0.3060
10,0.3085
11,0.3092
12,0.3170
13,0.3765
0,0.1478
1,0.1837
2,0.1915
3,0.1835
4,0.1744
5,0.1832
6,0.1908
7,0.1893
8,0.1940
9,0.1943
10,0.2053
11,0.2093
12,0.2191
13,0.1777
0,0.4968
1,0.5548
2,0.5576
3,0.5702
4,0.5658
5,0.5595
6,0.5478
7,0.5477
8,0.5552
9,0.5598
10,0.5609
11,0.5493
12,0.5609
13,0.5535
0,0.6702
1,0.6624
2,0.6489
3,0.6681
4,0.6751
5,0.6969
6,0.7185
7,0.7066
8,0.7097
9,0.7077
10,0.6995
11,0.6911
12,0.6836
13,0.6817
0,0.8676
1,0.9465
2,0.9376
3,0.9645
4,0.9925
5,0.9845
6,0.9367
7,0.9217
8,0.9305
9,0.9322
10,0.9180
11,0.9164
12,0.9435
13,0.8701
0,0.6073
1,0.5778
2,0.5785
3,0.5964
4,0.5970
5,0.6204
6,0.6773
7,0.7053
8,0.7052
9,0.6951
10,0.6883
11,0.6838
12,0.6269
13,0.6243
0,0.0786
1,0.0972
2,0.1107
3,0.1029
4,0.1027
5,0.0991
6,0.1039
7,0.1049
8,0.1070
9,0.1082
10,0.1069
11,0.1074
12,0.0964
13,0.0898
0,1.0964
1,1.0518
2,1.0480
3,1.0569
4,1.0939
5,1.1147
6,1.1383
7,1.1613
8,1.1761
9,1.1853
10,1.1878
11,1.1918
12,1.2004
13,1.1232
0,0.6292
1,0.5634
2,0.5645
3,0.5663
4,0.5942
5,0.6216
6,0.6323
7,0.6611
8,0.6784
9,0.6763
10,0.6673
11,0.6632
12,0.6370
13,0.5729
0,0.3243
1,0.3140
2,0.3056
3,0.3053
4,0.3140
5,0.3424
6,0.3584
7,0.3665
8,0.3699
9,0.3812
10,0.3814
11,0.3826
12,0.3820
13,0.3885
0,0.2880
1,0.3281
2,0.3280
3,0.3090
4,0.2831
5,0.2895
6,0.3202
7,0.3356
8,0.3434
9,0.3507
10,0.3551
11,0.3600
12,0.3583
13,0.3198
0,0.3269
1,0.3293
2,0.2974
3,0.2836
4,0.2859
5,0.3265
6,0.3571
7,0.3625
8,0.3666
9,0.3645
10,0.3670
11,0.3652
12,0.3594
13,0.3754
0,0.2725
1,0.3996
2,0.3791
3,0.3494
4,0.3252
5,0.3526
6,0.3793
7,0.3898
8,0.3939
9,0.3974
10,0.3966
11,0.3985
12,0.3967
13,0.2768
0,0.3774
1,0.4107
2,0.4242
3,0.4128
4,0.3792
5,0.3658
6,0.3769
7,0.3869
8,0.3978
9,0.4083
10,0.4185
11,0.4246
12,0.4375
13,0.4170
0,0.5050
1,0.6048
2,0.5960
3,0.5842
4,0.5838
5,0.6102
6,0.6150
7,0.6090
8,0.6018
9,0.5960
10,0.5915
11,0.5896
12,0.5818
13,0.4777
0,0.4418
1,0.4826
2,0.5089
3,0.5387
4,0.5513
5,0.5435
6,0.4997
7,0.4851
8,0.4778
9,0.4719
10,0.4629
11,0.4541
12,0.4578
13,0.4803
